mber_seq_no_value,mesure_seq_no,cnter_nm,agrde_flag_nm,mesure_place_flag_nm,mesure_age_co,inpt_flag_nm,crtfc_flag_nm,mesure_de,sexdstn_flag_cd,mesure_iem_001_value,mesure_iem_002_value,mesure_iem_003_value,mesure_iem_004_value,mesure_iem_005_value,mesure_iem_006_value,mesure_iem_007_value,mesure_iem_008_value,mesure_iem_009_value,mesure_iem_010_value,mesure_iem_012_value,mesure_iem_013_value,mesure_iem_014_value,mesure_iem_015_value,mesure_iem_016_value,mesure_iem_017_value,mesure_iem_018_value,mesure_iem_019_value,mesure_iem_020_value,mesure_iem_021_value,mesure_iem_022_value,mesure_iem_023_value,mesure_iem_024_value,mesure_iem_025_value,mesure_iem_026_value,mesure_iem_027_value,mesure_iem_028_value,mesure_iem_029_value,mesure_iem_030_value,mesure_iem_031_value,mesure_iem_032_value,mesure_iem_033_value,mesure_iem_034_value,mesure_iem_035_value,mesure_iem_036_value,mesure_iem_037_value,mesure_iem_038_value,mesure_iem_039_value,mesure_iem_040_value,mesure_iem_041_value,mvm_prscrptn_cn
AAHYQpAm3NciBTcAeB7kFCw0,2,KSPO송파(출장A),성인,출장,40,관리자,3등급,20211108,M,177.7,88.9,23.4,,93,146,51.6,54.7,,,13.3,,,,,,28.2,47,,,220,,,,,,61.5,,,,,,,,112,38.2,,,0.353,,준비운동:배 스트레칭
AAEPrnblhqglrK1nLygv8fPS,1,순천,성인,일반,47,관리자,3등급,20211111,F,160,55.7,23.9,82,80,120,25.3,21,,,10.7,,,,,,21.8,,,,156,,,,,,45.4,,,,,,,,112,33.8,,,0.401,,"준비운동:트레드밀에서 걷기 / 본운동:전신 루틴 스트레칭,하지 루틴 스트레칭1 / 마무리운동:실내 자전거타기"
AAGocP4Vt9YA4IbSX/6kXoc5,2,KSPO송파(출장A),성인,출장,42,관리자,2등급,20211108,M,174.6,77,21.7,,87,154,42.2,45.3,,,9.7,,,,,,25.3,40,,,219,,,,,,58.8,,,,,,,,75,45.6,,,0.250,,준비운동:배 스트레칭
AAERw6S6FxZV9GxZhsPQ278z,1,수원,성인,출장,22,관리자,참가증,20211115,F,168.1,54.1,31.1,68,72,117,29.2,34.3,,,3.0,,,,,,19.1,38,,,150,,,,,,63.4,,,,,,,,141,36.1,,,0.434,,준비운동:전신 루틴 스트레칭
AAFIWu3pg0v6G9+6M8SpAKxC,1,스포원(금정),유소년,출장,11,관리자,참가증,20211104,F,152.1,45.1,,65,80,112,11.6,13.3,6,,19.5,,,,,,19.5,,47,,130,,,,,,29.5,,,,,,,,,,,,,,"본운동:슈퍼맨자세,엎드려 팔 대고 버티기,윗몸말아올리기"
AAGgXkI51mGmsEsLl3J9UR2P,1,스포원(금정),유소년,출장,12,관리자,참가증,20211105,F,162.2,60.7,,78,65,97,17.3,20.3,12,,9.5,,,,,,23.1,,45,,105,,,,,,33.4,,,,,,,,,,,,,,"본운동:슈퍼맨자세,엎드려 팔 대고 버티기,윗몸말아올리기"
AAHhTorIcenngs9Ar5jVpJVW,2,강북,성인,일반,19,측정기기,참가증,20211101,F,163.3,59.0,31.8,83,65,121,26.7,28.2,,,12.8,,,,,,22.1,20,,,157,,,,,,47.8,,,,,,,,88,41.4,,,0.382,,"준비운동:윗몸올리기 ,하지 루틴 스트레칭2"
AAGDhDi6IVBMr31zhamnzHg3,1,달서,성인,출장,55,관리자,참가증,20211129,F,164,58.4,26.4,79.8,72,110,28.5,30.6,,,-5.5,,,,,,21.7,23,,,141,,,,,,52.4,,,,,,,,136,29.1,,,,,"준비운동:누워서 전신 뻗기,깍지 끼고 상체 숙이기,목 스트레칭,등/어깨 뒤쪽 스트레칭,어깨 뒤쪽 스트레칭,아래 팔 스트레칭,엉덩이 스트레칭,허리 스트레칭,옆구리 스트레칭,양팔 벌려 전신 비틀기,어깨 스트레칭,어깨 양 옆으로 돌리기,줄넘기,계단 뛰어 오르기,앉아서 다리 펴기,몸통 들어올리기,뒤꿈치 들기,팔굽혀 펴기,바로서서 상체 숙이기,누워 다리 들어올리기,목 스트레칭,팔 당기기,어깨 누르기,상체 앞으로 숙이기,목 돌리기,팔꿈치 원 그리기,한발 앞으로 내밀고 앉았다 일어서기,손목 펴기/굽히기,앉아서 팔꿈치 굽히기/펴기 ,서서 균형잡기 / 본운동:수영 / 마무리운동:온 몸 뻗어주기,무릎 굽혀 가슴 닿기,앉아서 한 발 앞으로 굽히기,앉아서 옆구리 늘려주기,앉아 윗몸 앞으로 굽히기,엎드려 어깨 늘리기"
AAEKal523CPxtbWdP3o2SOAb,2,KSPO송파(출장A),유소년,출장,12,관리자,참가증,20211104,F,149.9,52.7,,78.8,80,120,23.7,23,8,,6.9,,,,,,23.5,,64,,153,,,,,,45.0,,,,,,,,,,,,,,준비운동:계단 올라갔다 내려오기
AAGD0cnTFXF1OHb64+4NPOPv,1,곡성,노인,출장,86,관리자,참가증,20211118,M,152.9,49.4,31.5,74.6,76,139,6.7,7.8,,,0,,,,,,21.1,,,,,,,,,,15.8,,,,,,,,,,,,,,"본운동:앉아서 덤벨로 손목 굽히기,벽에서 팔굽혀 펴기,물통으로 양팔 들어올리기"
AAGfovdmSqCl3LY936s3H2ii,1,강북,성인,일반,63,측정기기,참가증,20211105,F,159.5,65.4,34.5,85,81,157,27.0,22.7,,,13.6,,,,,,25.7,1,,,107.0,,,,,,41.3,,,,,,,,160,22.5,,,0.463,,"준비운동:제자리 뛰기,윗몸올리기 ,하지 루틴 스트레칭2"
AAE2NYuF1OLn1qIeX6P1xn/M,1,곡성,노인,출장,85,관리자,참가증,20211118,M,159.0,57.0,26.6,82.7,88,131,27.2,27.8,,,4.9,,,,,,22.5,,,,,,,,,,48.8,,,,,,,,,,,,,,"본운동:누워서 전신 뻗기,양팔 벌려 전신 비틀기,깍지 끼고 상체 숙이기"
AAG9RJ7/970QFvxtWHcTBLEf,2,KSPO대구(출장A),성인,출장,53,관리자,참가증,20211124,F,162.3,65.9,34.3,,91,158,22.7,24,,,15.7,,,,,,25.0,31,,,164,,,,,,36.4,,,,,,,,137,27.3,,,0.327,,"본운동:달리기,실내 자전거타기,줄넘기,계단 올라갔다 내려오기"
AAF8F90hT4PsUuAY7/ykNjQb,1,양평,유소년,출장,11,관리자,3등급,20211116,F,148.3,38.8,,64,80,120,17.7,20.4,32,,15.5,,,,,,17.6,,43,,115,,,,,,52.6,,,,,,,,,,,,,,"본운동:십(十)자 달리기,2단 줄넘기,라켓으로 공 치며 앞으로 가기"
AAHjEAHsAFViNZTF2TB59aai,1,KSPO송파(출장A),청소년,출장,17,관리자,참가증,20211124,M,168.5,100.2,33.2,,96,140,46.8,53.8,,46,3,20.5,0.564,48.724,13,49.322,35.3,,10,,191,,,,,,53.7,,-40,,,,,,,,,,,,본운동:의자 잡고 한발 들기
AAGWvjtr/znLPMSk4Pxna8br,1,남구(부산),노인,출장,73,관리자,3등급,20211126,F,149.1,44.5,23.6,66,64,141,21.5,24.1,,,10.3,,,,,,20.0,,,,,25,,127,5.2,24,54.2,,,,,,,,,,,,,,"본운동:전신 루틴 스트레칭,옆구리 스트레칭,하지 루틴 스트레칭1"
AAHmAdR8+QT9ztJdbctPvZAM,4,달서,성인,일반,46,인바디,2등급,20211114,M,170.3,74.64,21.3,87.0,68.0,120.0,44.8,46.7,,,11.8,,,,,,25.7,38,,,211.0,,,,,,62.6,,,,,,,,110,39.6,,,0.268,,"준비운동:트레드밀에서 걷기,줄넘기,계단 올라갔다 내려오기"
AAEuz3DgN3uM9LgBwOQXZ6yl,4,달서,성인,일반,44,인바디,1등급,20211114,M,173.9,64.16,16.0,77.7,78.0,152.0,62.6,68.6,,,18,,,,,,21.2,45,,,231.0,,,,,,106.9,,,,,,,,106,43.3,,,0.29,,"준비운동:트레드밀에서 걷기,줄넘기,계단 올라갔다 내려오기"
AAEtxO70jkoqt+tACq7co54c,5,달서,성인,일반,28,인바디,3등급,20211114,M,168.2,68.76,17.6,78.9,96.0,141.0,50.6,53.7,,,11.4,,,,,,24.3,43,,,240.0,,,,,,78.1,,,,,,,,71,50.9,,,0.234,,"준비운동:트레드밀에서 걷기,줄넘기,계단 올라갔다 내려오기"
AAHQ+/HXJ/Epd/6wAiQMcRrQ,1,양평,유소년,출장,11,관리자,3등급,20211116,F,145,39,,58.3,80,120,11.7,15.1,37,,15.7,,,,,,18.5,,56,,119,,,,,,38.7,,,,,,,,,,,,,,"본운동:십(十)자 달리기,2단 줄넘기,라켓으로 공 치며 앞으로 가기"
AAFL3WajU6v/xFc5kjAnWDCc,2,경산,성인,일반,19,관리자,2등급,20211115,M,183.1,87.8,13.3,92,71,140,50.3,54.9,,,15.8,,,,,,26.2,61,,,265,,,,,,62.5,,,,,,,,107,44.8,,,0.339,,"본운동:뛰어 내렸다가 바로 점프하기,버피운동,무릎 높여 제자리 달리기"
AAGVAHH3d1j4k5uENwNvzwQp,6,달서,성인,일반,46,인바디,2등급,20211114,M,175.8,78.06,14.7,84.8,76.0,158.0,47.8,47.8,,,15.4,,,,,,25.3,56,,,242.0,,,,,,61.2,,,,,,,,103,40.3,,,0.352,,"준비운동:트레드밀에서 걷기,줄넘기,계단 올라갔다 내려오기"
AAGjPNta7fmE+slQRcWWpcXb,7,달서,성인,일반,46,인바디,3등급,20211114,M,170.6,66.92,16.4,79.3,84.0,142.0,49.1,48.1,,,10.7,,,,,,23.0,32,,,212.0,,,,,,73.4,,,,,,,,121,39.7,,,0.293,,"준비운동:트레드밀에서 걷기,줄넘기,계단 올라갔다 내려오기"
AAEIPOpjckGIgmxKoCAmaHSx,12,달서,성인,일반,48,인바디,3등급,20211114,M,175.7,66.54,14.1,77.8,87.0,135.0,51.0,53.0,,,5.6,,,,,,21.6,55,,,221.0,,,,,,79.7,,,,,,,,121,39.7,,,0.32,,"준비운동:트레드밀에서 걷기,줄넘기,계단 올라갔다 내려오기"
AAHsbr/lDQfq8w+PnnV1X+Ob,14,달서,성인,일반,33,인바디,2등급,20211114,M,175.2,70.24,17.1,83.3,98.0,134.0,56.0,56.1,,,27.4,,,,,,22.9,62,,,250.0,,,,,,79.9,,,,,,,,124,42.1,,,0.263,,"준비운동:트레드밀에서 걷기,줄넘기,계단 올라갔다 내려오기"
AAFGkq4qFSoDLxzd1950xl2G,1,양평,유소년,출장,11,관리자,참가증,20211116,M,150.2,46.3,,74,80,120,13.7,14.9,25,,-10,,,,,,20.5,,35,,115,,,,,,32.2,,,,,,,,,,,,,,"본운동:다리 벌려 옆으로 상체 숙이기,라켓으로 공 치며 앞으로 가기"
AAH+2mMjXvjEDtEp1mIgaFGp,1,안동,청소년,출장,14,관리자,참가증,20211112,M,170.5,84.9,35.8,93,60,106,33.8,37.2,41,,27,23.27,0.468,44.326,7,44.648,29.2,,27,,160,,,,,,43.8,,-37.9,,,,,,,,,,,,"본운동:걷기,조깅,자전거타기,줄넘기 운동,수영"
AAEZFr2aJQ5MDoXtWiR613xb,2,KSPO송파(출장A),성인,출장,29,관리자,참가증,20211112,M,183.6,91.6,18.4,,78,156,54.1,56.2,,,2.5,,,,,,27.2,44,,,220,,,,,,61.4,,,,,,,,103,42.1,,,0.359,,준비운동:앉았다 일어서기
AAGb2zpUAP9X4gM3oFlnIRQL,1,KSPO송파(출장B),성인,출장,25,관리자,3등급,20211110,M,172.9,65.9,19.5,,72,125,37,46.5,,,14.1,,,,,,22.0,50,,,201,,,,,,70.6,,,,,,,,144,42,,,0.287,,준비운동:전신 루틴 스트레칭
AAEHtNGHbl6J27ynH511UovO,1,KSPO송파(출장B),성인,출장,28,관리자,참가증,20211110,M,167.3,59.7,14,,53,118,40,50,,,2.5,,,,,,21.3,38,,,229,,,,,,83.8,,,,,,,,120,45.7,,,0.365,,준비운동:전신 루틴 스트레칭
AAFM3+mfm694zqqPUqHg5yOJ,2,KSPO송파(출장B),성인,출장,24,관리자,3등급,20211110,M,184.4,80.2,15.4,,76,138,44.4,49.9,,,18.1,,,,,,23.6,58,,,229,,,,,,62.2,,,,,,,,125,42.7,,,0.355,,준비운동:전신 루틴 스트레칭
AAFXWdgVlhnV1yUtdSnL3WGx,2,순천,성인,일반,41,관리자,참가증,20211115,F,162.5,56.8,29.8,90,80,120,28.3,29.4,,,8.3,,,,,,21.5,23,,,159,,,,,,51.8,,,,,,,,110,35.1,,,,,"준비운동:걷기 / 본운동:달리기,무릎 높여 제자리 달리기 / 마무리운동:전신 루틴 스트레칭"
AAGeniL+JRmyqoPQU1BiJvc9,1,수원,성인,일반,56,측정기기,1등급,20211110,F,162.0,61.6,29.3,74,90,158,32.2,31.2,,,23.4,,,,,,23.5,49,,,171.0,,,,,,52.3,,,,,,,,83,34.4,,,0.362,,"준비운동:파워클린,서서 균형잡으며 몸통 회전하기"
AAE5sQk+Ui1JwgAAavy/B+8I,1,KSPO대구,성인,일반,34,측정기기,참가증,20211110,M,181.5,85.2,23.8,95.6,87,140,51.3,48.6,,,3.5,,,,,,25.9,19,,,218.0,,,,,,60.2,,,,,,,,136,37.3,,,0.362,,"준비운동:어깨 뒤쪽 스트레칭,회전근개 스트레칭,어깨 스트레칭,어깨 양 옆으로 돌리기"
AAHXkHIo+DtQoG7WQUCTKmd2,1,곡성,노인,출장,77,관리자,참가증,20211118,M,164.9,71.1,50.4,96.5,79,125,18.5,21.3,,,1.2,,,,,,26.1,,,,,,,,,,30.0,,,,,,,,,,,,,,"본운동:앉아서 덤벨로 손목 굽히기,벽에서 팔굽혀 펴기,물통으로 양팔 들어올리기"
AAG6veLLvLXOyg/t0LLYXwFs,1,곡성,노인,출장,72,관리자,참가증,20211118,M,164.3,77.6,39.6,101.0,92,137,24.1,30.4,,,3.4,,,,,,28.7,,,,,,,,,,39.2,,,,,,,,,,,,,,"본운동:앉아서 덤벨로 손목 굽히기,벽에서 팔굽혀 펴기,물통으로 양팔 들어올리기"
AAHYTZWl4+YtEHyqbIKjiWM0,1,곡성,노인,출장,77,관리자,참가증,20211118,F,145.2,57.5,45.7,84.1,81,139,20.1,20.4,,,9.3,,,,,,27.3,,,,,,,,,,35.5,,,,,,,,,,,,,,"본운동:누워서 전신 뻗기,양팔 벌려 전신 비틀기,깍지 끼고 상체 숙이기"
AAFkxkTA5fC5v0em+PYUcrT5,2,KSPO송파(출장B),성인,출장,23,관리자,2등급,20211110,M,182.7,69,19.7,,87,137,49.4,48.9,,,13.8,,,,,,20.7,53,,,215,,,,,,71.6,,,,,,,,108,47.8,,,0.311,,본운동:달리기
AAHSeev1rQXuiW6CofphhK31,1,곡성,노인,출장,78,관리자,참가증,20211118,M,168.4,75,51.5,104.6,74,127,20.3,33.1,,,-7,,,,,,26.4,,,,,,,,,,44.1,,,,,,,,,,,,,,"본운동:누워서 전신 뻗기,양팔 벌려 전신 비틀기,깍지 끼고 상체 숙이기"
AAHwqWaWjvAAhMbPMQFsdYOp,1,KSPO대구(출장A),성인,출장,26,관리자,참가증,20211103,M,183.5,92.4,29.1,,99,143,41.8,51.2,,,3.3,,,,,,27.4,34,,,213,,,,,,55.4,,,,,,,,141,37.1,,,0.339,,"준비운동:달리기,실내 자전거타기,계단 올라갔다 내려오기"
AAGPx2EP1/zQs75whzEz4v0y,1,곡성,노인,출장,79,관리자,참가증,20211118,M,170.3,82.9,42.2,103.8,74,126,36.1,41.2,,,-1,,,,,,28.6,,,,,,,,,,49.7,,,,,,,,,,,,,,"본운동:누워서 전신 뻗기,양팔 벌려 전신 비틀기,깍지 끼고 상체 숙이기"
AAEPTzmM+Sdqgv8W5hu3n1N3,1,수원,성인,일반,21,관리자,참가증,20211112,F,161,62.7,32.7,78,83,118,22.9,25.6,,,6.5,,,,,,24.2,25,,,134,,,,,,40.8,,,,,,,,131,34.7,,,0.576,,"준비운동:전신 루틴 스트레칭,넙다리 뒤쪽 스트레칭,하지 루틴 스트레칭1,하지 루틴 스트레칭2"
AAHRy/TXlOrUr/UavBVHQLKJ,1,수원,성인,일반,21,관리자,3등급,20211112,F,166.8,53.9,23.4,64,65,112,21.5,25.6,,,23.9,,,,,,19.4,23,,,170,,,,,,47.5,,,,,,,,102,40.9,,,0.383,,"준비운동:윗몸 말아 올리기,소파를 이용한 윗몸올리기,엎드려 버티기,누워서 다리 들어올리기"
AAFsWurDmKkmhYf9Uw1tqAQA,1,수원,성인,출장,26,관리자,참가증,20211119,M,179.5,71.6,25.1,77,77,120,43.2,42,,,2.3,,,,,,22.2,43,,,212,,,,,,60.3,,,,,,,,136,42.1,,,0.414,,"준비운동:전신 루틴 스트레칭,넙다리 뒤쪽 스트레칭,하지 루틴 스트레칭1,하지 루틴 스트레칭2"
AAGwlXWVDxrIv+pID3WczY5m,1,수원,성인,일반,19,관리자,참가증,20211110,F,161.7,75.9,46.9,84,77,120,19.4,21.5,,,20,,,,,,29.0,5,,,102,,,,,,28.3,,,,,,,,145,30.1,,,0.478,,"준비운동:윗몸 말아 올리기,소파를 이용한 윗몸올리기,엎드려 버티기,누워서 다리 들어올리기"
AAGWJ3reHu05Pk0MtfMT976g,1,수원,성인,일반,20,관리자,2등급,20211112,F,157.2,51.4,30.1,68,71,109,23.3,29,,,18.5,,,,,,20.8,39,,,166,,,,,,56.4,,,,,,,,118,38.8,,,0.353,,"준비운동:파워클린,서서 균형잡으며 몸통 회전하기"
AAHZkAj3wbeX//kMqwxerTob,1,스포원(금정),성인,출장,19,관리자,참가증,20211101,F,164.7,59,33.7,,63,91,18.4,20.2,,,-6,,,,,,21.8,20,32,11.4,180,,,,,,34.2,,36.8,,,,,,,,,,,,"본운동:배스트레칭,하지 루틴 스트레칭1,허리 스트레칭,상지 루틴 스트레칭"
AAHz57OYXJJ6137DOFWf9Pes,1,달서,성인,일반,52,인바디,1등급,20211102,F,160.9,49.0,19.6,68.5,81.0,141.0,24.6,27.8,,,28.1,,,,,,18.9,32,,,157.0,,,,,,56.7,,,,,,,,91,37.1,,,0.358,,"준비운동:누워서 전신 뻗기,깍지 끼고 상체 숙이기"
AAF+i8hav6wVRw1lGJTPZ5BA,1,곡성,노인,출장,82,관리자,참가증,20211118,M,165.0,76.3,44.6,106.5,79,127,23.8,25.2,,,0.0,,,,,,28.0,,,,,,,,,,33.0,,,,,,,,,,,,,,"본운동:앉아서 덤벨로 손목 굽히기,벽에서 팔굽혀 펴기,물통으로 양팔 들어올리기"
AAGdOSm1bLH82ELXyfpE50mX,1,곡성,노인,출장,74,관리자,참가증,20211118,M,149.6,57.9,34,83.2,78,125,30.6,32.6,,,11.6,,,,,,25.9,,,,,,,,,,56.3,,,,,,,,,,,,,,"본운동:앉아서 덤벨로 손목 굽히기,벽에서 팔굽혀 펴기,물통으로 양팔 들어올리기"
AAFPn/bPKhSk5C0JHYJ75RfR,2,KSPO송파(출장A),성인,출장,28,관리자,참가증,20211108,M,171.8,72.3,25.1,,84,152,37.4,41.2,,,4.3,,,,,,24.5,46,,,185,,,,,,57.0,,,,,,,,96,46.8,,,0.283,,준비운동:배 스트레칭
AAGHZScLUMFk7lHVZYlZcra9,1,수원,성인,일반,24,관리자,참가증,20211112,F,163.6,64.2,33.3,77,56,92,24.1,27,,,12.4,,,,,,24.0,9,,,123,,,,,,42.1,,,,,,,,114,36.1,,,0.432,,"준비운동:윗몸 말아 올리기,소파를 이용한 윗몸올리기,엎드려 버티기,누워서 다리 들어올리기"
AAH/KovGiA6YiVWTWkKPSNsL,1,곡성,노인,출장,68,관리자,참가증,20211118,M,168.1,81.1,36.9,102.4,89,154,32.4,34.1,,,1.9,,,,,,28.7,,,,,,,,,,42.0,,,,,,,,,,,,,,"본운동:앉아서 덤벨로 손목 굽히기,벽에서 팔굽혀 펴기,물통으로 양팔 들어올리기"
AAGDSA3ZX2SZIcJF8Ni1VwFc,2,KSPO송파(출장A),성인,출장,39,관리자,참가증,20211108,M,175.3,73.8,20.9,,86,133,35.1,40.4,,,-15.2,,,,,,24.0,26,,,194,,,,,,54.7,,,,,,,,115,41.2,,,0.324,,준비운동:배 스트레칭
AAFdaomvsR5gNkZQCBbwv85w,1,KSPO송파(출장A),성인,출장,33,관리자,참가증,20211108,M,189.1,99.8,34,,87,139,35.7,43.9,,,8.6,,,,,,27.9,33,,,175,,,,,,44.0,,,,,,,,85,42.4,,,0.401,,준비운동:배 스트레칭
AAE2ajJin7LmSDF8RSZuxZat,1,KSPO송파(출장A),청소년,출장,16,관리자,참가증,20211122,M,172.8,48.8,10.9,,78,120,43.1,40.1,,40,-10,20.97,0.526,52.664,11,53.17,16.3,,54,,195,,,,,,88.3,,-33.7,,,,,,,,,,,,준비운동:달리기
AAFEnuBIZu/riCxT7BokVv8X,2,영암,성인,출장,29,관리자,2등급,20211126,M,181.2,76.4,17.8,,92,133,51.4,48.7,,,11.5,,,,,,23.3,58,74,10.39,234,,,,,,67.3,,48.6,,,,,,,,,,,,"준비운동:전신 루틴 스트레칭,유산소 운동 전 동적 루틴 스트레칭,짐볼을 이용한 동적 루틴 스트레칭 / 본운동:서서 상체 일으키기,앉았다 일어서기,윗몸올리기 ,엎드려 버티기,누워서 팔 다리 동시에 들어올리기,누워서 엉덩이 들어올리기,팔굽혀펴기,한발 앞으로 내밀고 앉았다 일어서기,달리기,줄넘기,계단 올라갔다 내려오기,수영 / 마무리운동:하지 루틴 스트레칭2,상지 루틴 스트레칭"
AAGTXcT9SSBd8TLlG1v0y7W1,1,영암,성인,출장,27,관리자,2등급,20211126,M,182.2,84.9,19.9,,81,123,56.5,59.3,,,11.1,,,,,,25.6,55,86,10.8,267,,,,,,69.8,,50.3,,,,,,,,,,,,"준비운동:전신 루틴 스트레칭,유산소 운동 전 동적 루틴 스트레칭,짐볼을 이용한 동적 루틴 스트레칭 / 본운동:서서 상체 일으키기,앉았다 일어서기,윗몸올리기 ,엎드려 버티기,누워서 팔 다리 동시에 들어올리기,누워서 엉덩이 들어올리기,팔굽혀펴기,한발 앞으로 내밀고 앉았다 일어서기,달리기,줄넘기,계단 올라갔다 내려오기,수영 / 마무리운동:하지 루틴 스트레칭2,상지 루틴 스트레칭"
AAFCzDoKliIZW/X5r0QIs0Vg,1,안동,청소년,출장,14,관리자,참가증,20211110,M,163.4,49.3,16.9,69.0,75,114,25.6,27.9,27,,3.0,22.00,0.552,47.303,12,47.855,18.5,,35,,175,,,,,,56.6,,-32.6,,,,,,,,,,,,"준비운동:정적 스트레칭  루틴프로그램 / 본운동:웨이트 트레이닝  루틴프로그램,저항밴드 운동  루틴프로그램"
AAFvZJr2CTrhKUD0IoKhIid+,1,성남,청소년,출장,15,관리자,3등급,20211109,F,161.8,47.8,30.9,,80,120,18.0,20.9,,41,11,21.55,0.330,59.531,8,59.899,18.3,,30,,,,,,,,43.7,,-32.7,,,,,,,,,,,,"준비운동:동적 스트레칭 루틴프로그램,요가 및 필라테스  루틴프로그램 / 본운동:팔굽혀 펴기,버피 테스트,걷기,조깅,자전거타기 / 마무리운동:정적 스트레칭  루틴프로그램,짝 스트레칭  루틴프로그램"
AAF4Ld5tfbkK9wu1OSdjGdzI,4,스포원(금정),성인,일반,57,인바디,참가증,20211119,F,158.5,55.36,26.4,76.2,72.0,133.0,27.8,27.5,,,15.1,,,,,,22.0,2,,,158.0,,,,,,50.2,,,,,,,,83,35.4,,,0.389,,"본운동:소파를 이용한 윗몸올리기,팔굽혀펴기,네발기기 자세로 팔 다리 들기,누워서 엉덩이 들어올리기"
AAGcS1Li5YG/fgELhPJNE8hS,2,동구(광주),성인,일반,24,관리자,참가증,20211112,F,165.6,62.2,33.1,70,92,132,24.6,23.8,,,23.2,,,,,,22.7,21,,,126,,,,,,39.5,,,,,,,,140,33.6,,,0.361,,"준비운동:누워서 엉덩이 들어올리기,누워서 하늘 자전거,네발기기 자세로 팔 다리 들기,엎드려 버티기,옆으로 누워 버티기 / 본운동:서서 바벨 위로 밀기,턱걸이,바벨 끌어당기기,바벨 들어 팔꿈치 굽히기,누워서 머리 위로 팔꿈치 펴기 ,앉았다 일어서기,한발 앞으로 내밀고 앉았다 일어서기,앉았다 일어서기,한발 앞으로 내밀고 앉았다 일어서기,의자에 한 다리 올리고 앉앗다 일어서기,줄넘기,계단 올라갔다 내려오기,계단 뛰어 오르기,달리기 / 마무리운동:상지 루틴 스트레칭,전신 루틴 스트레칭,작은 공을 이용한 동적 루틴 스트레칭 ,자가근막이완술 루틴 스트레칭"
AAELRS0ULmtXVg38P1GJiG1T,4,김천,청소년,일반,18,관리자,참가증,20211112,M,179,94.4,26.3,101.8,68,136,43,48.2,,50,16.6,17.81,0.594,44.850,10,45.31,29.5,,49,,,,,,,,51.1,,-37.8,,,,,,,,,,,,"준비운동:하지 루틴 스트레칭1,상지 루틴 스트레칭 / 본운동:앉아서 당겨 내리기,앉아서 뒤로 당기기,몸통 들어올리기,바벨들어올리기"
AAGrBjF8DmcyMVEigHj/ZrPm,1,동구(광주),성인,일반,21,관리자,3등급,20211112,M,168.4,65.7,15.1,72,81,139,35.2,36.8,,,21.6,,,,,,23.2,62,,,242,,,,,,56.0,,,,,,,,112,47.3,,,0.317,,"준비운동:누워서 엉덩이 들어올리기,누워서 하늘 자전거,네발기기 자세로 팔 다리 들기,엎드려 버티기,옆으로 누워 버티기 / 본운동:서서 바벨 위로 밀기,턱걸이,바벨 끌어당기기,바벨 들어 팔꿈치 굽히기,누워서 머리 위로 팔꿈치 펴기 ,앉았다 일어서기,한발 앞으로 내밀고 앉았다 일어서기,앉았다 일어서기,한발 앞으로 내밀고 앉았다 일어서기,의자에 한 다리 올리고 앉앗다 일어서기,줄넘기,계단 올라갔다 내려오기,계단 뛰어 오르기,달리기 / 마무리운동:상지 루틴 스트레칭,전신 루틴 스트레칭,작은 공을 이용한 동적 루틴 스트레칭 ,자가근막이완술 루틴 스트레칭"
AAFZuJcDHv3dSKSojqA5B8hf,5,사하,노인,일반,67,관리자,참가증,20211112,F,161,59.3,31.8,,80,141,20.4,20.1,,,3.4,,,,,,22.9,,,,,28,,112,5.23,23.51,34.4,,,,,,,,,,,,,,"준비운동:깍지 끼고 상체 숙이기,목 스트레칭,등/어깨 뒤쪽 스트레칭,엉덩이 스트레칭,넙다리 앞쪽 스트레칭,넙다리 안쪽 스트레칭,양팔 벌려 전신 비틀기,목 돌림 스트레칭,팔꿈치 맞닿아 원그리기,옆구리 스트레칭,몸 앞으로 굽히기 / 본운동:양발 나란히 서기,좌우 찍기,한발 들기,앉아서 밴드 잡고 몸통 돌리기,밴드 잡고 몸통 옆으로 굽히기,짐볼에서 몸통 돌리기,엎드려 양팔 및 다리 들어올리기,고정식 트레드밀에서 걷기 / 마무리운동:고정식 트레드밀에서 걷기,허리 스트레칭,양팔 벌려 전신 비틀기,목 돌림 스트레칭,골반 스트레칭2,누워서 전신 뻗기,깍지 끼고 상체 숙이기"
AAGmfQOPFs76C+48nPXeJwgi,2,제주,노인,출장,70,관리자,3등급,20211112,M,166.4,74.3,23.7,89.5,93,150,33.5,28.8,,,12.9,,,,,,26.8,,,,,28,,124,4.41,16.55,45.1,,,,,,,,,,,,,,"준비운동:하지 루틴 스트레칭1,상지 루틴 스트레칭,실내 자전거타기,트레드밀에서 걷기 / 본운동:앉았다 일어서기,팔굽혀펴기,윗몸올리기 ,누워서 엉덩이 들어올리기,네발기기 자세로 팔 다리 들기,엎드려 버티기,누워서 수직으로 다리 들어올리기 ,누워서 다리 좌우로 움직이기 / 마무리운동:전신 루틴 스트레칭,허리 스트레칭,배스트레칭,옆구리 스트레칭"
AAFGowrpRPEV4J20BWSJ9Vuj,2,광주,성인,일반,46,관리자,2등급,20211112,M,169.1,74.8,23.1,87,87,134,44.6,49.6,,,17.9,,,,,,26.2,57,,,228,,,,,,66.3,,,,,,,,119,38.2,,,0.405,,"준비운동:동적 스트레칭 루틴프로그램 / 본운동:줄넘기 운동,달리기,계단 올라갔다 내려오기,스텝퍼 뛰어서 오르내리기,스텝퍼 옆으로 뛰어넘기,사다리 안팎 뛰기,전후 교차 뛰기 / 마무리운동:발목 얹고 다리 잡아당기기,종아리 스트레칭,발가락 폄근 스트레칭,내전근 스트레칭"
AAEZCkkaPFuwHc4efBCaayqP,2,의정부,성인,일반,25,관리자,1등급,20211112,F,168,52.1,23.3,71.8,81,132,27.3,26.2,,,26.2,,,,,,18.5,33,,,,,,,,,52.4,,,,,,,,140,36.1,,,0.307,0.471,"준비운동:전신 루틴 스트레칭 / 본운동:앉았다 일어서기,한발 앞으로 내밀고 앉았다 일어서기,누워서 다리 들어올리기,윗몸올리기 ,누워서 엉덩이 들어올리기,누워서 하늘 자전거,네발기기 자세에서 손바닥으로 바닥밀기,팔꿈치 굽히기,팔굽혀펴기,뒤로 팔굽혀펴기 / 마무리운동:자가근막이완술 루틴 스트레칭"
AAEtEUfCM5MHz2pLfAlW/bu0,2,KSPO아산(출장),성인,출장,47,관리자,2등급,20211112,M,170.5,63.7,18.9,,86,138,49.9,43.8,,,15,,,,,,21.9,36,,,220,,,,,,78.3,,,,,,,,122,40.1,,,0.343,,"준비운동:발에 밴드걸고 윗몸일으키기,한 발 뒤로 들어올리기,런지하며 상체 비틀기 / 본운동:누워서 팔 밀기,앉아서 가슴 모으기,앉아서 양팔 당기기,앉아서 당겨 내리기,몸통 옆으로 굽히기,앉아서 몸통 움츠리기 / 마무리운동:앉았다 일어서기,앞굽이 앉았다 일어서기,연속 사이드 스쿼드"
AAHfFVTDdLJFo/2+1+A6H4dJ,1,수원,성인,출장,20,관리자,참가증,20211112,F,159.3,58.2,40.7,74,81,124,25,23,,,19.7,,,,,,22.9,15,,,118,,,,,,43.0,,,,,,,,118,37.4,,,0.422,,"준비운동:윗몸 말아 올리기,소파를 이용한 윗몸올리기,엎드려 버티기,누워서 다리 들어올리기"
AAHh4xqNWZW3Wx3lQsLqXsMp,1,수원,성인,출장,19,관리자,3등급,20211112,F,159.9,54.1,37.6,71,76,112,18.9,20.6,,,13.8,,,,,,21.2,36,,,151,,,,,,38.1,,,,,,,,139,36.1,,,0.372,,"준비운동:전신 루틴 스트레칭,넙다리 뒤쪽 스트레칭,하지 루틴 스트레칭1,하지 루틴 스트레칭2"
AAE7TrCO8Lc++JkHF2MvudpW,2,KSPO아산(출장),성인,출장,40,관리자,참가증,20211112,M,182.3,87.9,24.6,,98,147,55.3,60.8,,,1.2,,,,,,26.4,39,,,183,,,,,,69.2,,,,,,,,123,37.2,,,0.455,,"준비운동:앉아서 밴드 잡고 몸통 돌리기,밴드 잡고 몸통 옆으로 굽히기,누워서 전신 뻗기,걷기,계단 올라갔다 내려오기,베개 밟고 서기 평형성 운동 루틴 프로그램,탄력밴드 걸고 서기 평형성 운동 루틴 프로그램,짐볼 앉기 평형성 운동 루틴 프로그램"
AAGPlJM328Scw336NWbaUVUZ,1,제주,노인,출장,74,관리자,3등급,20211112,M,172.2,65.3,21.3,76.6,74,123,23.1,31.4,,,10.9,,,,,,22.0,,,,,19,,129,5.47,25.77,48.1,,,,,,,,,,,,,,"준비운동:트레드밀에서 걷기,상지 루틴 스트레칭,하지 루틴 스트레칭1 / 본운동:앉았다 일어서기,턱걸이,팔굽혀펴기 / 마무리운동:전신 루틴 스트레칭"
AAExS+yDQE4BdkmUMEytZpci,1,구미,성인,일반,54,관리자,참가증,20211119,F,156.5,77.5,43.9,100.8,80,139,24.3,26.8,,,19.9,,,,,,31.6,11,,,87,,,,,,34.6,,,,,,,,119,25.9,,,0.394,,"준비운동:달리기,실내 자전거타기,계단 올라갔다 내려오기,수영 / 본운동:앉았다 일어서기,한발 앞으로 내밀고 앉았다 일어서기,서서 다리 뒤로 차기,서서 뒤꿈치 들기,엎드려 버티기,옆으로 누워 버티기,누워서 엉덩이 들어올리기,엎드려서 팔 다리 들기,팔꿈치 굽히기,뒤로 팔굽혀펴기,서서 바벨 위로 밀기,덤벨 옆으로 들어올리기"
AAFgBWzgiC1TOUF6pt7zM2TK,2,성남,성인,일반,22,관리자,3등급,20211119,M,174,85.1,16,,80,137,52.1,48,,,8,,,,,,28.1,49,,,254,,,,,,61.2,,,,,,,,103,44.5,,,0.325,,"준비운동:전신 루틴 스트레칭,트레드밀에서 걷기,줄넘기,자가근막이완술 루틴 스트레칭 / 본운동:목 스트레칭,허리 스트레칭,엉덩이 스트레칭,넙다리 뒤쪽 스트레칭,넙다리 앞쪽 스트레칭,넙다리 안쪽 스트레칭 / 마무리운동:자가근막이완술 루틴 스트레칭"
AAGPbv8urbS3i7VPqg4rlGzF,4,광산,청소년,일반,15,관리자,2등급,20211119,F,160.7,48.8,29.5,70,66,111,21.6,22.8,,39,17.3,19.9,0.440,43.405,13,44.003,18.9,,,,,,,,,,46.7,,,94,132,141,,41.7,,,,,,,"본운동:하지 루틴 스트레칭1,하지 루틴 스트레칭2,자가근막이완술 루틴 스트레칭"
AAGrx6gl+V9hZH3D9Dd7wITu,11,KSPO송파,노인,일반,73,측정기기,3등급,20211119,F,158.1,57.7,36.6,83,64,130,15.8,18.3,,,16.0,,,,,,23.1,,,,,20,,121,5.36,22.85,31.7,,,,,,,,,,,,,,"준비운동:깍지 끼고 상체 숙이기,양팔 벌려 전신 비틀기,팔꿈치 맞닿아 원그리기,어깨 스트레칭 / 본운동:밴드 걸고 누워서 다리 들어올리기,밴드 걸고 옆으로 누워 다리 올리기,밴드 걸고 앉아서 발등 굽힘,몸통 들어올리기,짐볼에서 윗몸 일으키기,벽에서 팔굽혀 펴기,의자 앞에서 앉았다 일어서기 / 마무리운동:목 스트레칭,등/어깨 뒤쪽 스트레칭,옆구리 스트레칭,엉덩이 스트레칭2,넙다리 뒤쪽 스트레칭"
AAH4GcWpRvE3STmSgOn6h8pD,1,남구(부산),성인,일반,19,관리자,참가증,20211119,F,165,56.8,36.9,71,70,116,16.4,21.4,,,3.6,,,,,,20.9,13,,,106,,,,,,37.7,,,,,,,,153,34.2,,,0.425,,"본운동:앉아서 다리 밀기,앉아서 당겨 내리기,앉았다 일어서기,엎드려 버티기,네발기기 자세에서 다리 위로 뻗어올리기,누워서 엉덩이 들어올리기"
AAFnCX//UGCGX48BHb1wftQV,1,연제,노인,일반,68,측정기기,참가증,20211119,M,156.0,54.8,25.6,80,71,151,29.0,28.8,,,12.5,,,,,,22.5,,,,,12,,132,6.44,23.25,52.9,,,,,,,,,,,,,,"준비운동:고정식 트레드밀에서 걷기 / 본운동:스텝박스,스텝박스 오르내리기 ,몸통 들어올리기 / 마무리운동:누워서 전신 뻗기,엉덩이 스트레칭,종아리 스트레칭,옆구리 스트레칭,발가락 폄근 스트레칭,비복근 스트레칭,대퇴이두근 스트레칭"
AAFbubwLEIold+Hnkipk4JNe,8,안동,노인,일반,65,관리자,참가증,20211119,M,163.8,48.4,17.5,72,97,143,33.3,33.1,,,-0.1,,,,,,18.0,,,,,22,,100,5.07,21.00,68.8,,,,,,,,,,,,,,"본운동:실내 자전거타기,트레드밀에서 걷기,줄넘기,계단 올라갔다 내려오기,계단 뛰어 오르기"
AAGaVxcQ/0QOYuCcQSodyGAv,3,고양,노인,일반,67,관리자,참가증,20211119,F,151.9,51.8,25.6,,53,117,23.1,27.3,,,10.2,,,,,,22.4,,,,,27,,109,4.70,20.32,52.7,,,,,,,,,,,,,,"본운동:누워서 전신 뻗기,엉덩이 스트레칭,의자 잡고 한발 들기,의자 잡고 측면으로 한발 들기"
AAGsvxWJqJRTNcKbLnsePmz0,2,동작,성인,일반,64,관리자,참가증,20211119,M,168,67.8,28.1,82,74,157,36.4,39.1,,,4.5,,,,,,24.0,14,,,152,,,,,,57.7,,,,,,,,100,38,,,0.34,,"준비운동:전신 루틴 스트레칭 / 본운동:윗몸올리기 ,윗몸 말아 올리기,소파를 이용한 윗몸올리기 / 마무리운동:넙다리 뒤쪽 스트레칭,넙다리 안쪽 스트레칭"
AAHR5vp9+bIaiXR1bt+VTEFL,1,동구(광주),청소년,일반,15,관리자,참가증,20211119,F,155.8,54.8,34.2,81,93,144,12.7,15.4,15,,18.3,26.55,0.352,86.265,9,86.679,22.6,,,,,,,,,,28.1,,,,,,,,163,35.1,,,,,"준비운동:동적 스트레칭 루틴프로그램 / 본운동:턱걸이,바벨 끌어당기기,서서 바벨 위로 밀기,바벨 들어 팔꿈치 굽히기,연속 사이드 스쿼드,앉았다 일어서기,앞굽이 앉았다 일어서기,앉았다 일어서기 / 마무리운동:휴식자세"
AAFRGMqOmkTBaxYLgPK8Hcyj,2,KSPO아산,청소년,일반,18,측정기기,2등급,20211119,M,172.3,61.7,16.9,73.3,60,102,35.0,38.3,,51,12.3,18.10,0.612,46.564,6,46.84,20.8,,,,,,,,,,62.1,,,68,100,130,,48.7,,,,,,,"준비운동:정적 스트레칭  루틴프로그램,짝 스트레칭  루틴프로그램,대퇴이두근 스트레칭2"
AAFmL6nkBwMD9hYWfz8e2OJZ,3,서초,성인,일반,25,관리자,2등급,20211119,M,177,76.8,21.9,78.2,76,139,42.2,47.2,,,11.8,,,,,,24.5,51,,,235,,,,,,61.5,,,,,,,,103,45.9,,,0.305,,"준비운동:걷기 / 본운동:하지 루틴 스트레칭1,하지 루틴 스트레칭2,수영,조깅,자전거타기,스텝박스 / 마무리운동:걷기"
AAGi81JDHmS+naiCpj49JPm3,1,남구(부산),성인,일반,52,관리자,참가증,20211119,F,164.3,58.1,29.4,79.5,81,135,18.2,19,,,8,,,,,,21.5,19,,,116,,,,,,32.7,,,,,,,,116,32.2,,,0.28,,"본운동:전신 루틴 스트레칭,옆구리 스트레칭,하지 루틴 스트레칭1"
AAFGvZ+ZqxBLT/y2axZ/w0xc,1,강릉,성인,일반,22,관리자,1등급,20211119,F,164,54.4,23.6,74.7,76,126,26.8,30,,,25.7,,,,,,20.2,37,,,179,,,,,,55.1,,,,,,,,124,37.7,,,0.341,,"준비운동:넙다리 뒤쪽 스트레칭,매달려서 다리 들기,턱걸이,윗몸올리기 ,계단 올라갔다 내려오기,계단 뛰어 오르기,달리기,앉았다 일어서면서 점프하기,버피운동"
AAGYootNIxNlXFoaUhSto8MI,2,의정부,성인,일반,62,관리자,참가증,20211119,M,162.5,72.7,31.8,97.4,72,139,45.4,40.8,,,1.4,,,,,,27.5,35,,,,,,,,,62.4,,,,,,,,95,37.8,,,0.290,0.436,"본운동:넙다리 뒤쪽 스트레칭,넙다리 안쪽 스트레칭,하지 루틴 스트레칭2,옆구리 스트레칭,엉덩이 스트레칭"
AAFq3qLvIQ2tlJYP/PNnsP3D,2,강릉,성인,일반,42,관리자,2등급,20211119,M,175.4,73.7,20,84.5,84,128,57.6,60.6,,,14,,,,,,24.0,63,,,229,,,,,,82.2,,,,,,,,95,43.4,,,0.269,,"준비운동:전신 루틴 스트레칭,유산소 운동 전 동적 루틴 스트레칭"
AAGuEZ1YZhP8neO+6bz56INT,1,증평,성인,일반,26,관리자,참가증,20211119,M,175.2,88.9,23.6,97.6,63,116,41.3,34.8,,,19.5,,,,,,29.0,20,,,163,,,,,,46.5,,,84,119,150,188,35.5,,,,,0.280,,"준비운동:목 스트레칭,등/어깨 뒤쪽 스트레칭,어깨 뒤쪽 스트레칭,양팔 벌려 전신 비틀기,목 돌림 스트레칭,회전근개 스트레칭,어깨 양 옆으로 돌리기,몸통 앞으로 굽혀 걷기,전신 틀어 손벽 마주치기,엉덩이 스트레칭,대퇴사두근 스트레칭,비복근 스트레칭,양발 나란히 서기,좌우 찍기,하지 루틴 스트레칭2,상지 루틴 스트레칭,전신 루틴 스트레칭,자가근막이완술 루틴 스트레칭 / 본운동:달리기,줄넘기,고정식 자전거 타기,스텝박스 오르내리기 ,팔굽혀펴기,엎드려 버티기,옆으로 누워 버티기,누워서 팔 다리 동시에 들어올리기,누워서 수직으로 다리 들어올리기 ,엎드려 팔다리 교차올리기,발 바꿔 뛰기,엎드려 양팔 및 다리 들어올리기,몸통 들어올리기,벽에서 팔굽혀 펴기,누워서 다리 들어올리기"
AAGpqlDV5SED8sq5jv4ijRre,2,KSPO송파,노인,일반,69,측정기기,2등급,20211119,F,160.5,64.3,31.3,89.4,84,143,28.8,29.3,,,21.2,,,,,,25.0,,,,,23,,109,5.11,22.02,45.6,,,,,,,,,,,,,,"준비운동:깍지 끼고 상체 숙이기,양팔 벌려 전신 비틀기,팔꿈치 맞닿아 원그리기,어깨 스트레칭 / 본운동:밴드 걸고 누워서 다리 들어올리기,밴드 걸고 옆으로 누워 다리 올리기,밴드 걸고 앉아서 발등 굽힘,몸통 들어올리기,짐볼에서 윗몸 일으키기,벽에서 팔굽혀 펴기,의자 앞에서 앉았다 일어서기 / 마무리운동:목 스트레칭,등/어깨 뒤쪽 스트레칭,옆구리 스트레칭,엉덩이 스트레칭2,넙다리 뒤쪽 스트레칭"
AAE7w53nBq296yTc/0hVos4B,1,연제,성인,일반,54,측정기기,참가증,20211102,M,174.8,76.6,26.2,92,97,145,40,40.3,,,12.5,,,,,,25.1,25,,,172,,,,,,52.6,,,,,,,,116,36.7,,,0.343,,"준비운동:트레드밀에서 걷기,계단 뛰어 오르기 / 본운동:엎드려서 다리 차올리기,의자 앞에서 앉았다 일어서기,엎드려 버티기,누워서 엉덩이 들어올리기,네발기기 자세로 팔 다리 들기,서서 탄력밴드 당겨내리기/올리기,허리 굽혀 팔 뒤로 들기,한발 앞으로 내밀고 앉았다 일어서기,서서 다리 뒤로 차기,누워서 배가로근 수축 II / 마무리운동:전신 루틴 스트레칭,자가근막이완술 루틴 스트레칭"
AAHE5Z55Ghopa48vXnqYQypK,1,미추홀,성인,일반,62,측정기기,2등급,20211102,F,163.7,56.9,23.5,69.7,66,120,25.6,32.4,,,16.7,,,,,,21.2,25,,,140.0,,,,,,56.9,,,,,,,,82,34.7,,,0.366,,"준비운동:유산소 운동 전 동적 루틴 스트레칭 / 본운동:바벨들어올리기,앉았다 일어서기 / 마무리운동:전신 루틴 스트레칭"
AAHqKys66qdPsEPTRdJHSkaH,6,의정부,성인,일반,48,관리자,1등급,20211102,M,164.4,69.3,18.3,76.5,71,121,44.1,45,,,18.7,,,,,,25.6,44,,,222,,,,,,64.9,,,,,,,,57,47.7,,,0.402,,"준비운동:하지 루틴 스트레칭2,전신 루틴 스트레칭,맨몸운동  루틴프로그램,정적 스트레칭  루틴프로그램,스텝박스 오르내리기 ,달리기"
AAG9TYWbvXvfpDYEe8nzFU4W,4,동작,성인,일반,26,관리자,1등급,20211102,M,165,68.2,25,76,92,148,41.1,45.6,,,19.4,,,,,,25.1,55,,,,,,,,,66.9,,,,,,,,99,47.2,,,0.278,0.589,"준비운동:앉았다 일어서면서 점프하기,버피운동,계단 두발 뛰기,계단 한발 뛰기"
AAEzZ+S2QCBrNC0pEVXdJs01,1,스포원(금정),성인,출장,19,관리자,3등급,20211101,F,163.2,62,32.1,,69,111,25.3,22.9,,,21,,,,,,23.3,43,39,11.22,186,,,,,,40.8,,38.4,,,,,,,,,,,,"본운동:손목 펴기/굽히기,물병 옆으로 들어올리기,앉아서 팔꿈치 굽히기/펴기"
AAFj05/s1yxRP71+sGwBSuMI,1,스포원(금정),성인,출장,20,관리자,2등급,20211101,F,164.9,59.9,33.4,,63,89,19.9,30.4,,,20.2,,,,,,22.0,35,31,12.22,163,,,,,,50.8,,36.3,,,,,,,,,,,,"본운동:몸통 옆으로 굽히기,서서 다리 뒤로 차기,엎드려 버티기,윗몸올리기 ,누워서 엉덩이 들어올리기,팔굽혀펴기"
AAG7l5Qb7ciOIh/G1OThG4h6,10,강릉,청소년,일반,17,관리자,참가증,20211102,M,173.9,88.0,34.2,100.8,81,156,40.1,45.8,,55,17.8,19.04,0.564,38.368,13,38.966,29.1,,25,,,,,,,,52.0,,-39.9,,,,,,,,,,,,"준비운동:달리기,줄넘기"
AAF5TqFS771cPWVU18jxqhp2,4,의정부,노인,일반,69,관리자,3등급,20211102,M,161.1,66.1,27.8,85.2,77,123,31.9,34.5,,,2.1,,,,,,25.5,,,,,29,,107,4.65,17.97,52.2,,,,,,,,,,,,,,"준비운동:하지 루틴 스트레칭2,전신 루틴 스트레칭"
AAFU6j7bIeEtCVBpgkrXMKMa,2,마포,성인,일반,61,관리자,1등급,20211102,M,171.4,70.0,20.3,,58,99,44.8,45.4,,,14,,,,,,23.8,44,,,178,,,,,,64.9,,,,,,,,109,37.2,,,0.376,,"본운동:앉아서 다리 밀기,앉아서 다리 펴기,윗몸 말아 올리기,서서 상체 일으키기,앉았다 일어서기,달리기,실내 자전거타기,계단 올라갔다 내려오기,수영,목 스트레칭,등/어깨 뒤쪽 스트레칭,허리 스트레칭,넙다리 뒤쪽 스트레칭"
