순서,영문속성명,컬럼한글명,데이터타입(DB),길이/정밀도,PK여부,NOT NULL여부
1,AGE_20_29,나이,DECIMAL,38,N,N
2,SEX_CODE,성별,VARCHAR,30,N,N
3,STATURE,신장,VARCHAR,200,N,N
4,WEIGHT,체중,VARCHAR,200,N,N
5,FAT_PER,체지방률,VARCHAR,200,N,N
6,TREADMILL,트레드밀_계산,VARCHAR,200,N,N
7,STEP_TEST,스텝검사_출력,VARCHAR,200,N,N
8,SHUTTLE_RUN_20M,20m 왕복 오래달리기,VARCHAR,200,N,N
9,R_GRIP_STRENGTH,상대악력,VARCHAR,200,N,N
10,CROSS_SIT_UP,교차윗몸일으키기,VARCHAR,200,N,N
11,SEAT_4_BEND,앉아 윗몸 앞으로 굽히기,VARCHAR,200,N,N
12,YEAR_MONTH,년월,DECIMAL,200,N,N
13,PERSON_CODE,사람번호,DECIMAL,200,Y,Y
