순서,영문속성명,컬럼한글명,데이터타입,길이,PK여부,NOT NULL여부,데이터 상품명
1,M_CODE,회원식별번호,VARCHAR,200,N,N,국민체력100 19~24세 남성 측정 데이터
2,AGE,나이,DECIMAL,3,N,Y,국민체력100 19~24세 남성 측정 데이터
3,REL_GRIP,상대악력,DECIMAL,10,N,N,국민체력100 19~24세 남성 측정 데이터
4,CROSS_UP,교차윗몸일으키기,DECIMAL,10,N,N,국민체력100 19~24세 남성 측정 데이터
5,TRAD,트레드밀,DECIMAL,10,N,N,국민체력100 19~24세 남성 측정 데이터
6,STEP,스텝검사,DECIMAL,10,N,N,국민체력100 19~24세 남성 측정 데이터
7,20M_RUN,20m 왕복 오래달리기,DECIMAL,10,N,N,국민체력100 19~24세 남성 측정 데이터
8,SIT_REACH,앉아 윗몸 앞으로 굽히기,DECIMAL,10,N,N,국민체력100 19~24세 남성 측정 데이터
9,MVM_PRSCRPTN_CN,운동 처방,CLOB,,N,N,국민체력100 19~24세 남성 측정 데이터
10,HEIGHT,키(cm),DECIMAL,10,N,N,국민체력100 19~24세 남성 측정 데이터
11,KG,체중(kg),DECIMAL,10,N,N,국민체력100 19~24세 남성 측정 데이터
12,BMI,BMI,DECIMAL,5,N,N,국민체력100 19~24세 남성 측정 데이터
13,BODY_FAT,체지방률,DECIMAL,5,N,N,국민체력100 19~24세 남성 측정 데이터
