군번,이름,부대,계급,부상대분류,부상세부부위,부상대분류_한글,부상세부부위_한글,예방가능여부,부상심각도
24-000000521,장병_521,부대_2,일병,Lower extremity,Knee,하지(하체),무릎,예방가능,경증
24-000000737,장병_737,부대_8,일병,Lower extremity,Ankle,하지(하체),발목,예방가능,경증
24-000000740,장병_740,부대_1,일병,Lower extremity,Ankle,하지(하체),발목,예방가능,경증
24-000000660,장병_660,부대_1,일병,Lower extremity,Knee,하지(하체),무릎,예방가능,중등증
24-000000411,장병_411,부대_2,일병,Upper extremity,Wrist,상지(상체),손목,예방불가,중등증
24-000000678,장병_678,부대_9,일병,Upper extremity,Wrist,상지(상체),손목,예방불가,중증
24-000000626,장병_626,부대_7,일병,Upper extremity,Shoulder,상지(상체),어깨,예방불가,경증
24-000000513,장병_513,부대_4,일병,Lower extremity,Ankle,하지(하체),발목,예방가능,경증
24-000000859,장병_859,부대_10,일병,Lower extremity,Knee,하지(하체),무릎,예방가능,중등증
24-000000136,장병_136,부대_7,일병,Lower extremity,Ankle,하지(하체),발목,예방가능,경증
24-000000811,장병_811,부대_2,일병,Upper extremity,Shoulder,상지(상체),어깨,예방가능,경증
24-000000076,장병_76,부대_7,일병,Lower extremity,Foot/toe,하지(하체),발/발가락,예방불가,경증
24-000000636,장병_636,부대_7,일병,Lower extremity,Ankle,하지(하체),발목,예방가능,경증
24-000000973,장병_973,부대_4,일병,Upper extremity,Hand/finger,상지(상체),손/손가락,예방불가,중증
24-000000938,장병_938,부대_9,일병,Upper extremity,Wrist,상지(상체),손목,예방불가,중등증
24-000000899,장병_899,부대_10,일병,Upper extremity,Wrist,상지(상체),손목,예방불가,중등증
24-000000280,장병_280,부대_1,일병,Upper extremity,Back lower,상지(상체),요통/요추,예방가능,경증
24-000000883,장병_883,부대_4,일병,Lower extremity,Knee,하지(하체),무릎,예방가능,경증
24-000000761,장병_761,부대_2,일병,Lower extremity,Knee,하지(하체),무릎,예방불가,경증
24-000000319,장병_319,부대_10,일병,Upper extremity,Hand/finger,상지(상체),손/손가락,예방가능,경증
24-000000549,장병_549,부대_10,일병,Lower extremity,Knee,하지(하체),무릎,예방불가,경증
24-000000174,장병_174,부대_5,일병,Upper extremity,Elbow,상지(상체),팔꿈치,예방불가,중등증
24-000000371,장병_371,부대_2,일병,Upper extremity,Hand/finger,상지(상체),손/손가락,예방불가,중등증
24-000000527,장병_527,부대_8,일병,Lower extremity,Leg upper,하지(하체),허벅지,예방가능,경증
24-000000210,장병_210,부대_1,일병,Lower extremity,Knee,하지(하체),무릎,예방불가,중증
24-000000235,장병_235,부대_6,일병,Lower extremity,Ankle,하지(하체),발목,예방가능,중등증
24-000000101,장병_101,부대_2,일병,Upper extremity,Hand/finger,상지(상체),손/손가락,예방가능,경증
24-000000986,장병_986,부대_7,일병,Lower extremity,Knee,하지(하체),무릎,예방가능,중등증
24-000000902,장병_902,부대_3,일병,Lower extremity,Knee,하지(하체),무릎,예방불가,경증
24-000000947,장병_947,부대_8,일병,Upper extremity,Shoulder,상지(상체),어깨,예방불가,경증
24-000000346,장병_346,부대_7,일병,Lower extremity,Knee,하지(하체),무릎,예방불가,경증
24-000000139,장병_139,부대_10,일병,Upper extremity,Wrist,상지(상체),손목,예방불가,중등증
24-000000621,장병_621,부대_2,일병,Upper extremity,Shoulder,상지(상체),어깨,예방불가,경증
24-000000499,장병_499,부대_10,일병,Lower extremity,Ankle,하지(하체),발목,예방불가,경증
24-000000370,장병_370,부대_1,일병,Lower extremity,Foot/toe,하지(하체),발/발가락,예방불가,경증
24-000000198,장병_198,부대_9,일병,Lower extremity,Ankle,하지(하체),발목,예방가능,경증
24-000000687,장병_687,부대_8,일병,Upper extremity,Back lower,상지(상체),요통/요추,예방불가,중등증
24-000000584,장병_584,부대_5,일병,Upper extremity,Shoulder,상지(상체),어깨,예방불가,중등증
24-000000901,장병_901,부대_2,일병,Lower extremity,Leg lower,하지(하체),종아리,예방불가,경증
24-000000059,장병_59,부대_10,일병,Lower extremity,Knee,하지(하체),무릎,예방가능,경증
24-000000328,장병_328,부대_9,일병,Upper extremity,Arm,상지(상체),팔,예방불가,경증
24-000000096,장병_96,부대_7,일병,Lower extremity,Knee,하지(하체),무릎,예방가능,경증
24-000000312,장병_312,부대_3,일병,Upper extremity,Shoulder,상지(상체),어깨,예방가능,경증
24-000000974,장병_974,부대_5,일병,Lower extremity,Ankle,하지(하체),발목,예방가능,경증
24-000000299,장병_299,부대_10,일병,Upper extremity,Hand/finger,상지(상체),손/손가락,예방가능,경증
24-000000277,장병_277,부대_8,일병,Lower extremity,Knee,하지(하체),무릎,예방가능,중등증
24-000000924,장병_924,부대_5,일병,Upper extremity,Back lower,상지(상체),요통/요추,예방가능,중등증
24-000000601,장병_601,부대_2,일병,Lower extremity,Knee,하지(하체),무릎,예방가능,경증
24-000000439,장병_439,부대_10,일병,Lower extremity,Knee,하지(하체),무릎,예방가능,경증
24-000000837,장병_837,부대_8,일병,Upper extremity,Hand/finger,상지(상체),손/손가락,예방불가,중등증
24-000000570,장병_570,부대_1,일병,Lower extremity,Foot/toe,하지(하체),발/발가락,예방불가,경증
24-000000879,장병_879,부대_10,일병,Lower extremity,Ankle,하지(하체),발목,예방가능,중등증
24-000000261,장병_261,부대_2,일병,Lower extremity,Ankle,하지(하체),발목,예방가능,중등증
24-000000578,장병_578,부대_9,일병,Lower extremity,Ankle,하지(하체),발목,예방불가,경증
24-000000023,장병_23,부대_4,일병,Lower extremity,Knee,하지(하체),무릎,예방가능,경증
24-000000030,장병_30,부대_1,일병,Lower extremity,Ankle,하지(하체),발목,예방가능,중등증
24-000000617,장병_617,부대_8,일병,Upper extremity,Shoulder,상지(상체),어깨,예방가능,경증
24-000000010,장병_10,부대_1,일병,Upper extremity,Hand/finger,상지(상체),손/손가락,예방불가,경증
24-000000221,장병_221,부대_2,일병,Upper extremity,Shoulder,상지(상체),어깨,예방가능,중증
24-000000820,장병_820,부대_1,일병,Upper extremity,Back lower,상지(상체),요통/요추,예방가능,경증
24-000000296,장병_296,부대_7,일병,Lower extremity,Knee,하지(하체),무릎,예방불가,경증
24-000000054,장병_54,부대_5,일병,Upper extremity,Hand/finger,상지(상체),손/손가락,예방불가,중등증
24-000000542,장병_542,부대_3,일병,Lower extremity,Ankle,하지(하체),발목,예방가능,경증
24-000000209,장병_209,부대_10,일병,Lower extremity,Leg upper,하지(하체),허벅지,예방불가,경증
24-000000604,장병_604,부대_5,일병,Upper extremity,Hand/finger,상지(상체),손/손가락,예방불가,중증
24-000000692,장병_692,부대_3,일병,Lower extremity,Knee,하지(하체),무릎,예방불가,경증
24-000000662,장병_662,부대_3,일병,Upper extremity,Forearm,상지(상체),전두골/전복부,예방가능,중증
24-000000866,장병_866,부대_7,일병,Lower extremity,Ankle,하지(하체),발목,예방가능,중증
24-000000070,장병_70,부대_1,일병,Upper extremity,Shoulder,상지(상체),어깨,예방가능,경증
24-000000543,장병_543,부대_4,일병,Lower extremity,Foot/toe,하지(하체),발/발가락,예방불가,경증
24-000000107,장병_107,부대_8,일병,Lower extremity,Ankle,하지(하체),발목,예방가능,경증
24-000000493,장병_493,부대_4,일병,Upper extremity,Hand/finger,상지(상체),손/손가락,예방불가,경증
24-000000590,장병_590,부대_1,일병,Upper extremity,Shoulder,상지(상체),어깨,예방불가,경증
24-000000741,장병_741,부대_2,일병,Lower extremity,Ankle,하지(하체),발목,예방가능,중등증
24-000000292,장병_292,부대_3,일병,Lower extremity,Ankle,하지(하체),발목,예방가능,경증
24-000000289,장병_289,부대_10,일병,Lower extremity,Ankle,하지(하체),발목,예방가능,경증
24-000000652,장병_652,부대_3,일병,Lower extremity,Ankle,하지(하체),발목,예방불가,중등증
24-000000039,장병_39,부대_10,일병,Upper extremity,Shoulder,상지(상체),어깨,예방불가,경증
24-000000589,장병_589,부대_10,일병,Lower extremity,Leg upper,하지(하체),허벅지,예방가능,중등증
24-000000307,장병_307,부대_8,일병,Upper extremity,Arm,상지(상체),팔,예방불가,경증
24-000000679,장병_679,부대_10,일병,Lower extremity,Ankle,하지(하체),발목,예방가능,경증
24-000000066,장병_66,부대_7,일병,Lower extremity,Knee,하지(하체),무릎,예방가능,중등증
24-000000275,장병_275,부대_6,일병,Upper extremity,Back lower,상지(상체),요통/요추,예방가능,중등증
24-000000067,장병_67,부대_8,일병,Upper extremity,Shoulder,상지(상체),어깨,예방불가,중등증
24-000000318,장병_318,부대_9,일병,Upper extremity,Back lower,상지(상체),요통/요추,예방가능,중등증
24-000000548,장병_548,부대_9,일병,Upper extremity,Back lower,상지(상체),요통/요추,예방가능,중등증
24-000000998,장병_998,부대_9,일병,Lower extremity,Ankle,하지(하체),발목,예방불가,경증
24-000000714,장병_714,부대_5,일병,Lower extremity,Knee,하지(하체),무릎,예방가능,경증
24-000000753,장병_753,부대_4,일병,Lower extremity,Ankle,하지(하체),발목,예방가능,중등증
24-000000327,장병_327,부대_8,일병,Lower extremity,Knee,하지(하체),무릎,예방가능,중등증
24-000000382,장병_382,부대_3,일병,Upper extremity,Arm,상지(상체),팔,예방불가,중증
24-000000451,장병_451,부대_2,일병,Lower extremity,Ankle,하지(하체),발목,예방가능,경증
24-000000522,장병_522,부대_3,일병,Lower extremity,Ankle,하지(하체),발목,예방불가,경증
24-000000218,장병_218,부대_9,일병,Lower extremity,Knee,하지(하체),무릎,예방가능,중등증
24-000000787,장병_787,부대_8,일병,Lower extremity,Ankle,하지(하체),발목,예방가능,경증
24-000000436,장병_436,부대_7,일병,Lower extremity,Knee,하지(하체),무릎,예방가능,중증
24-000000764,장병_764,부대_5,일병,Lower extremity,Knee,하지(하체),무릎,예방불가,중등증
24-000000088,장병_88,부대_9,일병,Lower extremity,Knee,하지(하체),무릎,예방가능,경증
24-000000063,장병_63,부대_4,일병,Upper extremity,Shoulder,상지(상체),어깨,예방불가,중등증
24-000000826,장병_826,부대_7,일병,Upper extremity,Shoulder,상지(상체),어깨,예방불가,중등증
24-000000716,장병_716,부대_7,일병,Upper extremity,Shoulder,상지(상체),어깨,예방가능,경증
24-000000351,장병_351,부대_2,일병,Lower extremity,Knee,하지(하체),무릎,예방불가,중증
24-000000936,장병_936,부대_7,일병,Upper extremity,Back lower,상지(상체),요통/요추,예방가능,경증
24-000000256,장병_256,부대_7,일병,Lower extremity,Knee,하지(하체),무릎,예방가능,중등증
24-000000635,장병_635,부대_6,일병,Lower extremity,Ankle,하지(하체),발목,예방가능,경증
24-000000644,장병_644,부대_5,일병,Upper extremity,Hand/finger,상지(상체),손/손가락,예방불가,중등증
24-000000554,장병_554,부대_5,일병,Lower extremity,Knee,하지(하체),무릎,예방가능,경증
24-000000959,장병_959,부대_10,일병,Lower extremity,Ankle,하지(하체),발목,예방가능,경증
24-000000168,장병_168,부대_9,일병,Upper extremity,Hand/finger,상지(상체),손/손가락,예방불가,중증
24-000000917,장병_917,부대_8,일병,Upper extremity,Shoulder,상지(상체),어깨,예방불가,경증
24-000000528,장병_528,부대_9,일병,Upper extremity,Hand/finger,상지(상체),손/손가락,예방불가,경증
24-000000823,장병_823,부대_4,일병,Upper extremity,Wrist,상지(상체),손목,예방불가,중증
24-000000985,장병_985,부대_6,일병,Lower extremity,Ankle,하지(하체),발목,예방가능,중증
24-000000816,장병_816,부대_7,일병,Lower extremity,Ankle,하지(하체),발목,예방가능,경증
24-000000086,장병_86,부대_7,일병,Lower extremity,Knee,하지(하체),무릎,예방불가,중등증
24-000000432,장병_432,부대_3,일병,Lower extremity,Ankle,하지(하체),발목,예방불가,경증
24-000000184,장병_184,부대_5,일병,Lower extremity,Ankle,하지(하체),발목,예방가능,경증
24-000000978,장병_978,부대_9,일병,Upper extremity,Hand/finger,상지(상체),손/손가락,예방불가,경증
24-000000534,장병_534,부대_5,일병,Lower extremity,Ankle,하지(하체),발목,예방가능,중등증
24-000000294,장병_294,부대_5,일병,Lower extremity,Knee,하지(하체),무릎,예방가능,중등증
24-000000892,장병_892,부대_3,일병,Lower extremity,Ankle,하지(하체),발목,예방불가,중등증
24-000000425,장병_425,부대_6,일병,Lower extremity,Ankle,하지(하체),발목,예방가능,중등증
24-000000713,장병_713,부대_4,일병,Upper extremity,Back lower,상지(상체),요통/요추,예방불가,경증
24-000000260,장병_260,부대_1,일병,Upper extremity,Shoulder,상지(상체),어깨,예방불가,경증
24-000000237,장병_237,부대_8,일병,Upper extremity,Hand/finger,상지(상체),손/손가락,예방가능,경증
24-000000559,장병_559,부대_10,일병,Lower extremity,Knee,하지(하체),무릎,예방가능,경증
24-000000583,장병_583,부대_4,일병,Lower extremity,Ankle,하지(하체),발목,예방가능,경증
24-000000445,장병_445,부대_6,일병,Lower extremity,Ankle,하지(하체),발목,예방불가,중등증
24-000000867,장병_867,부대_8,일병,Upper extremity,Shoulder,상지(상체),어깨,예방불가,경증
24-000000800,장병_800,부대_1,일병,Lower extremity,Knee,하지(하체),무릎,예방불가,경증
24-000000599,장병_599,부대_10,일병,Lower extremity,Knee,하지(하체),무릎,예방가능,경증
24-000000849,장병_849,부대_10,일병,Upper extremity,Hand/finger,상지(상체),손/손가락,예방가능,중등증
24-000000265,장병_265,부대_6,일병,Upper extremity,Arm,상지(상체),팔,예방불가,중등증
24-000000995,장병_995,부대_6,일병,Lower extremity,Pelvic region,하지(하체),골반,예방불가,경증
24-000000529,장병_529,부대_10,일병,Lower extremity,Ankle,하지(하체),발목,예방가능,경증
24-000000055,장병_55,부대_6,일병,Upper extremity,Back lower,상지(상체),요통/요추,예방가능,중등증
24-000000120,장병_120,부대_1,일병,Lower extremity,Knee,하지(하체),무릎,예방가능,경증
24-000000215,장병_215,부대_6,일병,Lower extremity,Leg lower,하지(하체),종아리,예방불가,중등증
24-000000025,장병_25,부대_6,일병,Lower extremity,Leg upper,하지(하체),허벅지,예방불가,중등증
24-000000072,장병_72,부대_3,일병,Lower extremity,Foot/toe,하지(하체),발/발가락,예방가능,경증
24-000000044,장병_44,부대_5,일병,Lower extremity,Foot/toe,하지(하체),발/발가락,예방불가,경증
24-000000247,장병_247,부대_8,일병,Upper extremity,Hand/finger,상지(상체),손/손가락,예방불가,중증
24-000000721,장병_721,부대_2,일병,Lower extremity,Knee,하지(하체),무릎,예방가능,경증
24-000000281,장병_281,부대_2,일병,Upper extremity,Hand/finger,상지(상체),손/손가락,예방불가,경증
24-000000893,장병_893,부대_4,일병,Upper extremity,Hand/finger,상지(상체),손/손가락,예방불가,중등증
24-000000914,장병_914,부대_5,일병,Upper extremity,Shoulder,상지(상체),어깨,예방가능,중증
24-000000810,장병_810,부대_1,일병,Lower extremity,Knee,하지(하체),무릎,예방가능,중증
24-000000244,장병_244,부대_5,일병,Lower extremity,Knee,하지(하체),무릎,예방불가,중등증
24-000000822,장병_822,부대_3,일병,Upper extremity,Shoulder,상지(상체),어깨,예방가능,경증
24-000000321,장병_321,부대_2,일병,Upper extremity,Hand/finger,상지(상체),손/손가락,예방불가,경증
24-000000643,장병_643,부대_4,일병,Lower extremity,Ankle,하지(하체),발목,예방불가,중등증
24-000000158,장병_158,부대_9,일병,Upper extremity,Hand/finger,상지(상체),손/손가락,예방불가,경증
24-000000977,장병_977,부대_8,일병,Upper extremity,Wrist,상지(상체),손목,예방불가,경증
24-000000429,장병_429,부대_10,일병,Lower extremity,Knee,하지(하체),무릎,예방가능,중증
24-000000941,장병_941,부대_2,일병,Lower extremity,Foot/toe,하지(하체),발/발가락,예방가능,경증
24-000000462,장병_462,부대_3,일병,Upper extremity,Hand/finger,상지(상체),손/손가락,예방불가,경증
24-000000309,장병_309,부대_10,일병,Lower extremity,Leg lower,하지(하체),종아리,예방불가,경증
24-000000697,장병_697,부대_8,일병,Lower extremity,Ankle,하지(하체),발목,예방가능,경증
24-000000060,장병_60,부대_1,일병,Upper extremity,Hand/finger,상지(상체),손/손가락,예방불가,경증
24-000000884,장병_884,부대_5,일병,Lower extremity,Ankle,하지(하체),발목,예방가능,경증
24-000000595,장병_595,부대_6,일병,Lower extremity,Leg upper,하지(하체),허벅지,예방가능,경증
24-000000767,장병_767,부대_8,일병,Lower extremity,Knee,하지(하체),무릎,예방가능,중등증
24-000000649,장병_649,부대_10,일병,Lower extremity,Knee,하지(하체),무릎,예방가능,중등증
24-000000650,장병_650,부대_1,일병,Lower extremity,Knee,하지(하체),무릎,예방불가,경증
24-000000865,장병_865,부대_6,일병,Upper extremity,Shoulder,상지(상체),어깨,예방불가,중증
24-000000668,장병_668,부대_9,일병,Lower extremity,Ankle,하지(하체),발목,예방가능,경증
24-000000298,장병_298,부대_9,일병,Upper extremity,Back lower,상지(상체),요통/요추,예방가능,경증
24-000000689,장병_689,부대_10,일병,Upper extremity,Hand/finger,상지(상체),손/손가락,예방불가,중등증
24-000000314,장병_314,부대_5,일병,Upper extremity,Shoulder,상지(상체),어깨,예방가능,경증
24-000000310,장병_310,부대_1,일병,Lower extremity,Knee,하지(하체),무릎,예방가능,중증
24-000000361,장병_361,부대_2,일병,Lower extremity,Leg lower,하지(하체),종아리,예방불가,경증
24-000000479,장병_479,부대_10,일병,Upper extremity,Shoulder,상지(상체),어깨,예방불가,중증
24-000000110,장병_110,부대_1,일병,Lower extremity,Knee,하지(하체),무릎,예방가능,경증
24-000000989,장병_989,부대_10,일병,Upper extremity,Hand/finger,상지(상체),손/손가락,예방불가,중등증
24-000000486,장병_486,부대_7,일병,Lower extremity,Knee,하지(하체),무릎,예방불가,경증
24-000000363,장병_363,부대_4,일병,Upper extremity,Wrist,상지(상체),손목,예방가능,중증
24-000000254,장병_254,부대_5,일병,Lower extremity,Leg lower,하지(하체),종아리,예방가능,경증
24-000000259,장병_259,부대_10,일병,Lower extremity,Knee,하지(하체),무릎,예방가능,경증
24-000000802,장병_802,부대_3,일병,Lower extremity,Ankle,하지(하체),발목,예방가능,중증
24-000000677,장병_677,부대_8,일병,Upper extremity,Elbow,상지(상체),팔꿈치,예방불가,경증
24-000000494,장병_494,부대_5,일병,Lower extremity,Pelvic region,하지(하체),골반,예방불가,중등증
24-000000670,장병_670,부대_1,일병,Upper extremity,Arm,상지(상체),팔,예방불가,중등증
24-000000377,장병_377,부대_8,일병,Lower extremity,Ankle,하지(하체),발목,예방불가,경증
24-000000526,장병_526,부대_7,일병,Lower extremity,Ankle,하지(하체),발목,예방가능,중등증
24-000000845,장병_845,부대_6,일병,Upper extremity,Hand/finger,상지(상체),손/손가락,예방불가,경증
24-000000137,장병_137,부대_8,일병,Lower extremity,Knee,하지(하체),무릎,예방가능,중증
24-000000355,장병_355,부대_6,일병,Lower extremity,Ankle,하지(하체),발목,예방불가,경증
24-000000365,장병_365,부대_6,일병,Lower extremity,Knee,하지(하체),무릎,예방가능,경증
24-000000942,장병_942,부대_3,일병,Lower extremity,Knee,하지(하체),무릎,예방가능,중증
24-000000749,장병_749,부대_10,일병,Upper extremity,Hand/finger,상지(상체),손/손가락,예방불가,중등증
24-000000948,장병_948,부대_9,일병,Upper extremity,Shoulder,상지(상체),어깨,예방불가,경증
24-000000829,장병_829,부대_10,일병,Lower extremity,Ankle,하지(하체),발목,예방가능,중등증
24-000000656,장병_656,부대_7,일병,Lower extremity,Ankle,하지(하체),발목,예방가능,경증
24-000000199,장병_199,부대_10,일병,Lower extremity,Knee,하지(하체),무릎,예방불가,경증
24-000000213,장병_213,부대_4,일병,Lower extremity,Pelvic region,하지(하체),골반,예방불가,경증
24-000000408,장병_408,부대_9,일병,Lower extremity,Hip,하지(하체),고관절,예방불가,경증
24-000000332,장병_332,부대_3,일병,Lower extremity,Ankle,하지(하체),발목,예방가능,경증
24-000000208,장병_208,부대_9,일병,Lower extremity,Ankle,하지(하체),발목,예방가능,경증
24-000000613,장병_613,부대_4,일병,Lower extremity,Ankle,하지(하체),발목,예방불가,중증
24-000000078,장병_78,부대_9,일병,Lower extremity,Ankle,하지(하체),발목,예방불가,중증
24-000000029,장병_29,부대_10,일병,Lower extremity,Knee,하지(하체),무릎,예방불가,중등증
24-000000535,장병_535,부대_6,일병,Upper extremity,Shoulder,상지(상체),어깨,예방불가,경증
24-000000695,장병_695,부대_6,일병,Upper extremity,Wrist,상지(상체),손목,예방불가,경증
24-000000557,장병_557,부대_8,일병,Lower extremity,Ankle,하지(하체),발목,예방가능,중등증
24-000000836,장병_836,부대_7,일병,Lower extremity,Knee,하지(하체),무릎,예방가능,중등증
24-000000596,장병_596,부대_7,일병,Upper extremity,Shoulder,상지(상체),어깨,예방가능,경증
24-000000165,장병_165,부대_6,일병,Upper extremity,Shoulder,상지(상체),어깨,예방불가,중증
24-000000918,장병_918,부대_9,일병,Lower extremity,Knee,하지(하체),무릎,예방가능,중등증
24-000000495,장병_495,부대_6,일병,Upper extremity,Shoulder,상지(상체),어깨,예방불가,중증
24-000000824,장병_824,부대_5,일병,Upper extremity,Wrist,상지(상체),손목,예방불가,중등증
24-000000065,장병_65,부대_6,일병,Lower extremity,Knee,하지(하체),무릎,예방가능,중등증
24-000000141,장병_141,부대_2,일병,Lower extremity,Leg lower,하지(하체),종아리,예방불가,경증
24-000000925,장병_925,부대_6,일병,Lower extremity,Knee,하지(하체),무릎,예방가능,중증
24-000000827,장병_827,부대_8,일병,Upper extremity,Hand/finger,상지(상체),손/손가락,예방불가,중등증
24-000000655,장병_655,부대_6,일병,Lower extremity,Ankle,하지(하체),발목,예방불가,경증
24-000000331,장병_331,부대_2,일병,Upper extremity,Hand/finger,상지(상체),손/손가락,예방불가,경증
24-000000664,장병_664,부대_5,일병,Upper extremity,Back lower,상지(상체),요통/요추,예방가능,경증
24-000000249,장병_249,부대_10,일병,Lower extremity,Ankle,하지(하체),발목,예방불가,중등증
24-000000907,장병_907,부대_8,일병,Lower extremity,Knee,하지(하체),무릎,예방가능,중증
24-000000708,장병_708,부대_9,일병,Lower extremity,Ankle,하지(하체),발목,예방가능,경증
24-000000305,장병_305,부대_6,일병,Lower extremity,Knee,하지(하체),무릎,예방불가,경증
24-000000734,장병_734,부대_5,일병,Lower extremity,Knee,하지(하체),무릎,예방가능,경증
24-000000975,장병_975,부대_6,일병,Upper extremity,Shoulder,상지(상체),어깨,예방불가,중증
24-000000049,장병_49,부대_10,일병,Lower extremity,Leg upper,하지(하체),허벅지,예방불가,중등증
24-000000896,장병_896,부대_7,일병,Upper extremity,Hand/finger,상지(상체),손/손가락,예방가능,중등증
24-000000002,장병_2,부대_3,일병,Upper extremity,Hand/finger,상지(상체),손/손가락,예방불가,경증
24-000000544,장병_544,부대_5,일병,Lower extremity,Foot/toe,하지(하체),발/발가락,예방불가,경증
24-000000350,장병_350,부대_1,일병,Lower extremity,Knee,하지(하체),무릎,예방불가,경증
24-000000904,장병_904,부대_5,일병,Lower extremity,Ankle,하지(하체),발목,예방가능,경증
24-000000536,장병_536,부대_7,일병,Lower extremity,Knee,하지(하체),무릎,예방불가,중등증
24-000000344,장병_344,부대_5,일병,Lower extremity,Ankle,하지(하체),발목,예방가능,중등증
24-000000994,장병_994,부대_5,일병,Lower extremity,Knee,하지(하체),무릎,예방가능,중증
24-000000481,장병_481,부대_2,일병,Lower extremity,Knee,하지(하체),무릎,예방가능,중증
24-000000575,장병_575,부대_6,일병,Lower extremity,Knee,하지(하체),무릎,예방불가,경증
24-000000033,장병_33,부대_4,일병,Upper extremity,Hand/finger,상지(상체),손/손가락,예방불가,중등증
24-000000031,장병_31,부대_2,일병,Lower extremity,Ankle,하지(하체),발목,예방가능,중증
24-000000231,장병_231,부대_2,일병,Upper extremity,Hand/finger,상지(상체),손/손가락,예방불가,중등증
24-000000963,장병_963,부대_4,일병,Upper extremity,Shoulder,상지(상체),어깨,예방가능,경증
24-000000192,장병_192,부대_3,일병,Lower extremity,Knee,하지(하체),무릎,예방가능,경증
24-000000333,장병_333,부대_4,일병,Upper extremity,Wrist,상지(상체),손목,예방불가,경증
24-000000003,장병_3,부대_4,일병,Lower extremity,Ankle,하지(하체),발목,예방가능,중증
24-000000204,장병_204,부대_5,일병,Lower extremity,Ankle,하지(하체),발목,예방가능,중등증
24-000000514,장병_514,부대_5,일병,Lower extremity,Ankle,하지(하체),발목,예방가능,경증
24-000000799,장병_799,부대_10,일병,Lower extremity,Leg upper,하지(하체),허벅지,예방불가,중등증
24-000000306,장병_306,부대_7,일병,Upper extremity,Shoulder,상지(상체),어깨,예방가능,중등증
24-000000109,장병_109,부대_10,일병,Lower extremity,Ankle,하지(하체),발목,예방불가,경증
24-000000430,장병_430,부대_1,일병,Lower extremity,Knee,하지(하체),무릎,예방가능,경증
24-000000077,장병_77,부대_8,일병,Lower extremity,Foot/toe,하지(하체),발/발가락,예방불가,중등증
24-000000084,장병_84,부대_5,일병,Lower extremity,Foot/toe,하지(하체),발/발가락,예방불가,경증
24-000000286,장병_286,부대_7,일병,Lower extremity,Ankle,하지(하체),발목,예방가능,중등증
24-000000082,장병_82,부대_3,일병,Upper extremity,Hand/finger,상지(상체),손/손가락,예방불가,경증
24-000000991,장병_991,부대_2,일병,Lower extremity,Knee,하지(하체),무릎,예방불가,중등증
24-000000789,장병_789,부대_10,일병,Lower extremity,Ankle,하지(하체),발목,예방가능,경증
24-000000894,장병_894,부대_5,일병,Upper extremity,Back lower,상지(상체),요통/요추,예방가능,경증
24-000000398,장병_398,부대_9,일병,Upper extremity,Wrist,상지(상체),손목,예방불가,중등증
24-000000323,장병_323,부대_4,일병,Lower extremity,Knee,하지(하체),무릎,예방불가,경증
24-000000519,장병_519,부대_10,일병,Lower extremity,Ankle,하지(하체),발목,예방가능,경증
24-000000916,장병_916,부대_7,일병,Lower extremity,Leg lower,하지(하체),종아리,예방가능,경증
24-000000922,장병_922,부대_3,일병,Lower extremity,Knee,하지(하체),무릎,예방가능,중등증
24-000000005,장병_5,부대_6,일병,Upper extremity,Shoulder,상지(상체),어깨,예방불가,중등증
24-000000731,장병_731,부대_2,일병,Lower extremity,Knee,하지(하체),무릎,예방불가,중등증
24-000000465,장병_465,부대_6,일병,Lower extremity,Foot/toe,하지(하체),발/발가락,예방불가,경증
24-000000097,장병_97,부대_8,일병,Upper extremity,Forearm,상지(상체),전두골/전복부,예방불가,경증
24-000000266,장병_266,부대_7,일병,Lower extremity,Knee,하지(하체),무릎,예방가능,경증
24-000000357,장병_357,부대_8,일병,Lower extremity,Ankle,하지(하체),발목,예방불가,경증
24-000000868,장병_868,부대_9,일병,Lower extremity,Ankle,하지(하체),발목,예방불가,경증
24-000000798,장병_798,부대_9,일병,Lower extremity,Leg lower,하지(하체),종아리,예방불가,경증
24-000000380,장병_380,부대_1,일병,Lower extremity,Leg lower,하지(하체),종아리,예방불가,경증
24-000000631,장병_631,부대_2,일병,Lower extremity,Leg upper,하지(하체),허벅지,예방불가,중증
24-000000381,장병_381,부대_2,일병,Upper extremity,Hand/finger,상지(상체),손/손가락,예방가능,경증
24-000000490,장병_490,부대_1,일병,Lower extremity,Ankle,하지(하체),발목,예방불가,경증
24-000000118,장병_118,부대_9,일병,Lower extremity,Ankle,하지(하체),발목,예방가능,중등증
24-000000900,장병_900,부대_1,일병,Lower extremity,Ankle,하지(하체),발목,예방가능,경증
24-000000250,장병_250,부대_1,일병,Lower extremity,Ankle,하지(하체),발목,예방불가,중등증
24-000000523,장병_523,부대_4,일병,Lower extremity,Knee,하지(하체),무릎,예방가능,중등증
24-000000009,장병_9,부대_10,일병,Lower extremity,Knee,하지(하체),무릎,예방가능,중증
24-000000196,장병_196,부대_7,일병,Lower extremity,Ankle,하지(하체),발목,예방가능,경증
24-000000603,장병_603,부대_4,일병,Lower extremity,Knee,하지(하체),무릎,예방가능,중증
24-000000081,장병_81,부대_2,일병,Lower extremity,Leg lower,하지(하체),종아리,예방가능,경증
24-000000783,장병_783,부대_4,일병,Lower extremity,Ankle,하지(하체),발목,예방가능,경증
24-000000587,장병_587,부대_8,일병,Lower extremity,Ankle,하지(하체),발목,예방불가,경증
24-000000797,장병_797,부대_8,일병,Lower extremity,Pelvic region,하지(하체),골반,예방가능,중증
24-000000239,장병_239,부대_10,일병,Lower extremity,Knee,하지(하체),무릎,예방가능,경증
24-000000290,장병_290,부대_1,일병,Upper extremity,Shoulder,상지(상체),어깨,예방가능,경증
24-000000211,장병_211,부대_2,일병,Lower extremity,Knee,하지(하체),무릎,예방가능,중등증
24-000000717,장병_717,부대_8,일병,Upper extremity,Shoulder,상지(상체),어깨,예방불가,경증
24-000000359,장병_359,부대_10,일병,Lower extremity,Knee,하지(하체),무릎,예방불가,경증
24-000000449,장병_449,부대_10,일병,Lower extremity,Knee,하지(하체),무릎,예방가능,경증
24-000000227,장병_227,부대_8,일병,Upper extremity,Hand/finger,상지(상체),손/손가락,예방불가,경증
24-000000950,장병_950,부대_1,일병,Lower extremity,Knee,하지(하체),무릎,예방가능,경증
24-000000946,장병_946,부대_7,일병,Upper extremity,Shoulder,상지(상체),어깨,예방가능,경증
24-000000796,장병_796,부대_7,일병,Upper extremity,Shoulder,상지(상체),어깨,예방불가,중등증
24-000000501,장병_501,부대_2,일병,Lower extremity,Ankle,하지(하체),발목,예방가능,경증
24-000000464,장병_464,부대_5,일병,Lower extremity,Leg upper,하지(하체),허벅지,예방가능,경증
24-000000362,장병_362,부대_3,일병,Upper extremity,Arm,상지(상체),팔,예방불가,중등증
24-000000468,장병_468,부대_9,일병,Lower extremity,Knee,하지(하체),무릎,예방가능,경증
24-000000935,장병_935,부대_6,일병,Lower extremity,Ankle,하지(하체),발목,예방가능,중등증
24-000000428,장병_428,부대_9,일병,Upper extremity,Hand/finger,상지(상체),손/손가락,예방가능,경증
24-000000007,장병_7,부대_8,일병,Lower extremity,Knee,하지(하체),무릎,예방가능,경증
24-000000155,장병_155,부대_6,일병,Upper extremity,Shoulder,상지(상체),어깨,예방불가,경증
