군번,이름,지역,부대,계급,전후방구분
24-822382156,곽래복,서울특별시,수방사_1부대,상병,전방
24-087262682,조진건,서울특별시,수방사_2부대,이병,전방
24-007070894,정경초,경기도,경기_9사단,병장,전방
24-639528563,박장은,인천광역시,인천_17사단,이병,전방
24-059083225,신종석,인천광역시,인천_17사단,일병,전방
24-225907114,정백오,서울특별시,수방사_1부대,병장,전방
24-871666650,심애새,부산광역시,부산_53사단,병장,후방
24-292011459,손로고,경기도,경기_1사단,일병,전방
24-191803372,조옥나,대구광역시,대구_50사단,병장,후방
24-050088240,백빛사,경기도,경기_9사단,병장,전방
24-072241360,이산빛,인천광역시,인천_17사단,일병,전방
24-066952711,박덕현,경기도,경기_1사단,일병,전방
24-362467858,이병진,강원특별자치도,강원_2사단,이병,전방
24-446351175,백조보,서울특별시,수방사_2부대,병장,전방
24-729630740,류준오,충청북도,충북_37사단,상병,후방
24-130263846,독고준남,인천광역시,인천_17사단,일병,전방
24-106212733,남궁백고,경상남도,경남_39사단,상병,후방
24-822807924,고철택,대전광역시,대전_군수사,상병,후방
24-017870890,문석대,경기도,경기_1사단,이병,전방
24-367926127,성하문,인천광역시,인천_17사단,병장,전방
24-241592097,황로안,인천광역시,인천_17사단,이병,전방
24-231473660,윤천예,인천광역시,인천_17사단,병장,전방
24-364570166,조혁강,인천광역시,인천_17사단,일병,전방
24-806385609,서문도남,제주특별자치도,제주_9여단,일병,후방
24-345311347,하건현,서울특별시,수방사_1부대,상병,전방
24-377562006,선우예래,전북특별자치도,전북_35사단,상병,후방
24-858743978,오호새,인천광역시,인천_17사단,상병,전방
24-609395960,배강사,세종특별자치시,세종_자운대,이병,후방
24-797207656,양노초,서울특별시,수방사_2부대,일병,전방
24-149823985,백아대,서울특별시,수방사_2부대,상병,전방
24-639359596,노석옥,인천광역시,인천_17사단,일병,전방
24-440956487,조탐빛,인천광역시,인천_17사단,상병,전방
24-096783449,조단관,인천광역시,인천_17사단,일병,전방
24-767803851,백예춘,서울특별시,수방사_2부대,일병,전방
24-089544849,남궁빛영,인천광역시,인천_17사단,상병,전방
24-308840529,이동로,세종특별자치시,세종_자운대,이병,후방
24-267287887,신라서,인천광역시,인천_17사단,일병,전방
24-101482906,서래창,서울특별시,수방사_2부대,병장,전방
24-224096449,조조치,서울특별시,수방사_2부대,병장,전방
24-431063376,권누우,서울특별시,수방사_2부대,상병,전방
24-196256827,권별진,경기도,경기_1사단,이병,전방
24-036933302,이옥민,경기도,경기_1사단,일병,전방
24-752408442,문민혁,인천광역시,인천_17사단,상병,전방
24-705216764,문옥탐,경상남도,경남_39사단,일병,후방
24-737714582,윤춘루,경기도,경기_1사단,상병,전방
24-226695334,배정명,서울특별시,수방사_1부대,상병,전방
24-706762183,강사남,인천광역시,인천_17사단,이병,전방
24-242778555,노건사,충청북도,충북_37사단,병장,후방
24-659402558,홍치명,서울특별시,수방사_1부대,일병,전방
24-783049128,우영병,경기도,경기_1사단,병장,전방
24-974983831,이미담,인천광역시,인천_17사단,일병,전방
24-063761370,장병안,인천광역시,인천_17사단,일병,전방
24-609922675,최건마,서울특별시,수방사_2부대,상병,전방
24-565718616,신택창,전남광주통합특별시,전남_31사단,병장,후방
24-871698645,손옥안,서울특별시,수방사_2부대,상병,전방
24-034564557,박명동,강원특별자치도,강원_2사단,상병,전방
24-580850739,사공창춘,경기도,경기_5사단,일병,전방
24-731765916,남궁선로,경기도,경기_1사단,병장,전방
24-436079029,주명루,서울특별시,수방사_1부대,상병,전방
24-965765542,조마로,강원특별자치도,강원_7사단,일병,전방
24-793991756,류주진,인천광역시,인천_17사단,병장,전방
24-362436121,노초택,인천광역시,인천_17사단,일병,전방
24-632991105,송창철,부산광역시,부산_53사단,이병,후방
24-143105076,하현준,충청남도,충남_32사단,일병,후방
24-104013996,사공택한,인천광역시,인천_17사단,이병,전방
24-539308964,배하빛,강원특별자치도,강원_12사단,이병,전방
24-742905831,노조안,인천광역시,인천_17사단,일병,전방
24-952215224,신재사,경기도,경기_5사단,일병,전방
24-878913512,제갈별애,부산광역시,부산_53사단,상병,후방
24-662184645,문예아,서울특별시,수방사_2부대,상병,전방
24-895813886,임진미,경기도,경기_9사단,일병,전방
24-082954746,한덕해,울산광역시,울산_55사단,상병,후방
24-805444406,윤현철,인천광역시,인천_17사단,상병,전방
24-899392054,이안새,인천광역시,인천_17사단,상병,전방
24-947696937,고호춘,경기도,경기_1사단,병장,전방
24-628709800,신정한,경기도,경기_1사단,상병,전방
24-711509139,조사오,강원특별자치도,강원_12사단,상병,전방
24-544943167,독고지예,충청남도,충남_32사단,병장,후방
24-732856153,유문탐,강원특별자치도,강원_7사단,일병,전방
24-302525357,송보빛,강원특별자치도,강원_12사단,병장,전방
24-209960634,제갈강태,강원특별자치도,강원_7사단,일병,전방
24-146588455,오범무,인천광역시,인천_17사단,병장,전방
24-606016913,남궁오천,경기도,경기_9사단,이병,전방
24-534394757,우지래,대구광역시,대구_50사단,상병,후방
24-149489046,심로병,인천광역시,인천_17사단,일병,전방
24-183883380,조철담,울산광역시,울산_55사단,상병,후방
24-951480674,황환주,경상북도,경북_45사단,일병,후방
24-272479342,선우별루,경기도,경기_9사단,상병,전방
24-945008880,주현초,경기도,경기_5사단,이병,전방
24-835043873,배고장,인천광역시,인천_17사단,상병,전방
24-837158545,강현호,강원특별자치도,강원_12사단,상병,전방
24-977255711,황로지,인천광역시,인천_17사단,상병,전방
24-588505054,권호완,제주특별자치도,제주_9여단,상병,후방
24-759603957,노준경,강원특별자치도,강원_7사단,일병,전방
24-421369799,사공천나,강원특별자치도,강원_7사단,일병,전방
24-623945653,조진혁,경기도,경기_5사단,상병,전방
24-560073781,강태정,인천광역시,인천_17사단,일병,전방
24-095524403,정병주,강원특별자치도,강원_7사단,상병,전방
24-034704015,주영노,서울특별시,수방사_1부대,상병,전방
24-652607384,배재백,강원특별자치도,강원_12사단,상병,전방
24-038944812,배로춘,경기도,경기_9사단,일병,전방
24-014720474,노선다,경기도,경기_5사단,일병,전방
24-800127652,사공미마,경기도,경기_5사단,일병,전방
24-686047835,남궁선범,대구광역시,대구_50사단,일병,후방
24-630635563,하대한,인천광역시,인천_17사단,일병,전방
24-354837899,성예우,강원특별자치도,강원_2사단,일병,전방
24-958235279,남궁경덕,제주특별자치도,제주_9여단,이병,후방
24-069804400,제갈대예,충청북도,충북_37사단,상병,후방
24-639077237,황보환서,서울특별시,수방사_1부대,일병,전방
24-525709058,남준노,강원특별자치도,강원_2사단,이병,전방
24-391390304,양노지,인천광역시,인천_17사단,병장,전방
24-394953448,남궁해예,강원특별자치도,강원_7사단,병장,전방
24-835453216,서문초문,서울특별시,수방사_1부대,일병,전방
24-143838994,전주남,인천광역시,인천_17사단,이병,전방
24-109700243,황지찬,강원특별자치도,강원_12사단,이병,전방
24-598411552,강나별,강원특별자치도,강원_2사단,이병,전방
24-285716948,오상하,제주특별자치도,제주_9여단,이병,후방
24-352313159,하누사,인천광역시,인천_17사단,상병,전방
24-725636514,류루무,대전광역시,대전_군수사,이병,후방
24-515165334,백만마,경기도,경기_9사단,일병,전방
24-635638465,서문옥서,강원특별자치도,강원_12사단,상병,전방
24-286013881,안동재,충청북도,충북_37사단,병장,후방
24-804066140,한현선,강원특별자치도,강원_12사단,병장,전방
24-225460632,황우강,서울특별시,수방사_2부대,상병,전방
24-243177400,윤빛환,서울특별시,수방사_2부대,병장,전방
24-526541500,윤오채,강원특별자치도,강원_7사단,상병,전방
24-955035326,박강덕,경기도,경기_9사단,병장,전방
24-146163391,손혁백,인천광역시,인천_17사단,이병,전방
24-196779301,제갈주문,전북특별자치도,전북_35사단,일병,후방
24-807592880,박대건,전남광주통합특별시,전남_31사단,병장,후방
24-188248968,정강택,강원특별자치도,강원_7사단,병장,전방
24-675421881,권고태,인천광역시,인천_17사단,일병,전방
24-883465208,송도재,인천광역시,인천_17사단,병장,전방
24-895175600,임담무,서울특별시,수방사_1부대,병장,전방
24-498658711,하예만,경상남도,경남_39사단,이병,후방
24-234349497,김주완,인천광역시,인천_17사단,상병,전방
24-570885104,제갈재남,강원특별자치도,강원_7사단,일병,전방
24-848306498,전창루,서울특별시,수방사_1부대,일병,전방
24-650587311,송명탐,강원특별자치도,강원_12사단,병장,전방
24-582580754,박선병,강원특별자치도,강원_12사단,상병,전방
24-712972911,조석은,인천광역시,인천_17사단,병장,전방
24-222815891,오탐대,경기도,경기_1사단,일병,전방
24-196545608,독고도택,강원특별자치도,강원_7사단,상병,전방
24-728075939,박마아,부산광역시,부산_53사단,이병,후방
24-250339327,송복완,경기도,경기_9사단,이병,전방
24-743290732,권문혁,인천광역시,인천_17사단,상병,전방
24-513717352,이라덕,서울특별시,수방사_1부대,일병,전방
24-007770816,남궁서혁,경기도,경기_1사단,상병,전방
24-054472002,윤아옥,서울특별시,수방사_2부대,병장,전방
24-049972957,정새민,인천광역시,인천_17사단,상병,전방
24-279108512,손담아,경기도,경기_9사단,상병,전방
24-287377872,남마조,강원특별자치도,강원_2사단,이병,전방
24-520492602,노진덕,전남광주통합특별시,전남_31사단,일병,후방
24-693845492,신라래,인천광역시,인천_17사단,일병,전방
24-354780052,한애예,경기도,경기_9사단,일병,전방
24-845962541,유노해,서울특별시,수방사_2부대,일병,전방
24-175368684,전도나,강원특별자치도,강원_7사단,상병,전방
24-125583816,윤문단,경기도,경기_5사단,상병,전방
24-963397951,주장재,경기도,경기_9사단,일병,전방
24-818228672,류노사,전북특별자치도,전북_35사단,이병,후방
24-658739985,조선종,인천광역시,인천_17사단,상병,전방
24-233135660,정선지,서울특별시,수방사_1부대,상병,전방
24-254199004,독고은노,강원특별자치도,강원_7사단,일병,전방
24-960841685,강관무,경기도,경기_1사단,이병,전방
24-178066616,한애안,전남광주통합특별시,전남_31사단,이병,후방
24-547082095,유채한,강원특별자치도,강원_7사단,병장,전방
24-082074178,하진현,인천광역시,인천_17사단,상병,전방
24-504263491,안애준,제주특별자치도,제주_9여단,병장,후방
24-279246672,서문택채,서울특별시,수방사_1부대,이병,전방
24-045580829,박한무,서울특별시,수방사_2부대,상병,전방
24-466341682,곽찬관,경기도,경기_5사단,상병,전방
24-966472457,백빛옥,전북특별자치도,전북_35사단,병장,후방
24-619548979,심라다,대구광역시,대구_50사단,상병,후방
24-343189503,고만춘,경기도,경기_9사단,상병,전방
24-521486561,남병우,경기도,경기_1사단,상병,전방
24-344358537,서문루로,부산광역시,부산_53사단,일병,후방
24-031008855,이옥대,인천광역시,인천_17사단,병장,전방
24-879939116,강하복,서울특별시,수방사_1부대,상병,전방
24-789628047,서문한장,울산광역시,울산_55사단,상병,후방
24-363009040,권철완,강원특별자치도,강원_12사단,상병,전방
24-464749642,유진루,인천광역시,인천_17사단,이병,전방
24-014216147,하동다,인천광역시,인천_17사단,일병,전방
24-497007824,유민로,경상북도,경북_45사단,이병,후방
24-524013194,손하노,인천광역시,인천_17사단,일병,전방
24-852523822,황보탐로,인천광역시,인천_17사단,병장,전방
24-036804218,장영지,강원특별자치도,강원_12사단,상병,전방
24-733545746,배천은,강원특별자치도,강원_7사단,상병,전방
24-402886013,조도사,강원특별자치도,강원_7사단,일병,전방
24-301606383,손장철,세종특별자치시,세종_자운대,상병,후방
24-805778407,사공강천,인천광역시,인천_17사단,상병,전방
24-556742252,정새병,충청남도,충남_32사단,상병,후방
24-879125675,황상범,전북특별자치도,전북_35사단,일병,후방
24-843223964,독고경태,강원특별자치도,강원_2사단,병장,전방
24-614111275,김강라,서울특별시,수방사_1부대,이병,전방
24-498192621,선우마탐,서울특별시,수방사_1부대,일병,전방
24-780466294,류다창,부산광역시,부산_53사단,상병,후방
24-918709281,정도주,충청남도,충남_32사단,상병,후방
24-410137669,오다무,인천광역시,인천_17사단,병장,전방
24-762737243,차건선,인천광역시,인천_17사단,일병,전방
24-333127737,임노경,경기도,경기_5사단,일병,전방
24-080986972,우민백,강원특별자치도,강원_12사단,상병,전방
24-498961340,안나천,서울특별시,수방사_2부대,일병,전방
24-793222361,제갈누범,서울특별시,수방사_2부대,상병,전방
24-151942230,서철라,서울특별시,수방사_2부대,이병,전방
24-515168976,곽하한,강원특별자치도,강원_12사단,상병,전방
24-730659118,사공탐창,강원특별자치도,강원_12사단,상병,전방
24-690868909,문재민,인천광역시,인천_17사단,일병,전방
24-224194354,황보도춘,서울특별시,수방사_2부대,병장,전방
24-520702992,선우고민,제주특별자치도,제주_9여단,일병,후방
24-403982631,권창천,강원특별자치도,강원_2사단,병장,전방
24-233421590,한사춘,부산광역시,부산_53사단,병장,후방
24-529641485,조마오,경기도,경기_5사단,상병,전방
24-999067926,노담노,서울특별시,수방사_2부대,이병,전방
24-153821107,독고상은,서울특별시,수방사_2부대,상병,전방
24-471201162,황상명,강원특별자치도,강원_2사단,일병,전방
24-664113626,심복담,경기도,경기_5사단,상병,전방
24-726119196,조다래,충청남도,충남_32사단,이병,후방
24-065919551,오민덕,강원특별자치도,강원_12사단,이병,전방
24-308024289,사공로루,서울특별시,수방사_2부대,이병,전방
24-031288798,조치애,서울특별시,수방사_1부대,상병,전방
24-479962414,오애재,강원특별자치도,강원_2사단,상병,전방
24-245245450,제갈다도,대전광역시,대전_군수사,일병,후방
24-092175152,고준보,제주특별자치도,제주_9여단,이병,후방
24-772001758,오서해,울산광역시,울산_55사단,일병,후방
24-790572905,고환만,부산광역시,부산_53사단,일병,후방
24-123219310,손마민,경상남도,경남_39사단,병장,후방
24-318865233,백단미,전남광주통합특별시,전남_31사단,상병,후방
24-077659729,조선관,서울특별시,수방사_2부대,상병,전방
24-119587126,강예관,서울특별시,수방사_1부대,병장,전방
24-150595689,남현누,인천광역시,인천_17사단,상병,전방
24-844369090,장별전,서울특별시,수방사_2부대,일병,전방
24-186939670,이해채,대전광역시,대전_군수사,일병,후방
24-228210439,하채종,대구광역시,대구_50사단,병장,후방
24-246982894,오서환,강원특별자치도,강원_2사단,일병,전방
24-858377801,서마치,서울특별시,수방사_2부대,이병,전방
24-051068562,안지하,제주특별자치도,제주_9여단,병장,후방
24-945123711,차도산,인천광역시,인천_17사단,이병,전방
24-888587007,배주한,서울특별시,수방사_2부대,병장,전방
24-293472880,서문범찬,서울특별시,수방사_1부대,병장,전방
24-569753647,강도현,경기도,경기_1사단,이병,전방
24-819768062,황보채영,강원특별자치도,강원_12사단,병장,전방
24-650019755,조종단,경상남도,경남_39사단,상병,후방
24-893673058,백탐장,강원특별자치도,강원_12사단,일병,전방
24-090147885,조복별,제주특별자치도,제주_9여단,병장,후방
24-959675988,신복태,경기도,경기_9사단,병장,전방
24-666562011,사공아초,경상남도,경남_39사단,이병,후방
24-233335103,차춘문,서울특별시,수방사_2부대,상병,전방
24-225256294,독고완서,강원특별자치도,강원_2사단,이병,전방
24-423401478,홍안전,서울특별시,수방사_2부대,일병,전방
24-301914935,심대문,경기도,경기_1사단,상병,전방
24-622282728,선우조단,경기도,경기_1사단,상병,전방
24-313994705,배덕경,경기도,경기_9사단,상병,전방
24-865137571,조문래,경기도,경기_9사단,일병,전방
24-475672175,사공안치,강원특별자치도,강원_2사단,상병,전방
24-603506528,하단우,경기도,경기_1사단,병장,전방
24-539804453,서우호,경상남도,경남_39사단,일병,후방
24-821499555,허하해,경기도,경기_1사단,상병,전방
24-871678250,주미초,경기도,경기_5사단,상병,전방
24-449670398,김경강,인천광역시,인천_17사단,일병,전방
24-871738498,조안래,인천광역시,인천_17사단,일병,전방
24-233506378,서문혜정,강원특별자치도,강원_7사단,병장,전방
24-477069607,유전은,강원특별자치도,강원_12사단,이병,전방
24-558564045,손건현,전남광주통합특별시,전남_31사단,상병,후방
24-364987736,오안명,경기도,경기_9사단,일병,전방
24-963688014,허고한,충청남도,충남_32사단,상병,후방
24-588327385,사공재혁,세종특별자치시,세종_자운대,일병,후방
24-030491305,윤건무,강원특별자치도,강원_7사단,병장,전방
24-332691424,선우종재,세종특별자치시,세종_자운대,일병,후방
24-203538174,차강남,경기도,경기_9사단,병장,전방
24-238959864,유안산,인천광역시,인천_17사단,병장,전방
24-830768306,서은창,충청북도,충북_37사단,병장,후방
24-366963500,독고혁마,서울특별시,수방사_1부대,일병,전방
24-756625633,우복노,경상남도,경남_39사단,일병,후방
24-039073852,정옥빛,강원특별자치도,강원_2사단,병장,전방
24-706460231,오종지,서울특별시,수방사_1부대,상병,전방
24-896778427,류래경,서울특별시,수방사_2부대,상병,전방
24-260495495,문덕석,강원특별자치도,강원_7사단,일병,전방
24-483326990,류덕남,강원특별자치도,강원_7사단,병장,전방
24-523258578,조상경,충청북도,충북_37사단,상병,후방
24-337769795,조혜라,경기도,경기_5사단,이병,전방
24-758024050,조재조,경기도,경기_5사단,일병,전방
24-029459283,허천해,경기도,경기_9사단,병장,전방
24-755132891,정정덕,대전광역시,대전_군수사,일병,후방
24-652259897,임사예,제주특별자치도,제주_9여단,일병,후방
24-024242167,배경문,경기도,경기_5사단,일병,전방
24-198123191,황보미사,인천광역시,인천_17사단,일병,전방
24-000349236,오로민,전북특별자치도,전북_35사단,상병,후방
24-418799730,홍문상,강원특별자치도,강원_12사단,일병,전방
24-986275335,차상현,서울특별시,수방사_2부대,이병,전방
24-939922661,유은준,인천광역시,인천_17사단,상병,전방
24-790057240,배오미,제주특별자치도,제주_9여단,일병,후방
24-398514508,전치루,서울특별시,수방사_2부대,상병,전방
24-388880379,주동범,충청남도,충남_32사단,상병,후방
24-262986212,유범무,강원특별자치도,강원_7사단,일병,전방
24-119579217,장로은,울산광역시,울산_55사단,이병,후방
24-745182285,우전지,경상북도,경북_45사단,이병,후방
24-896678823,박별하,부산광역시,부산_53사단,일병,후방
24-470487608,독고상오,대구광역시,대구_50사단,상병,후방
24-456415487,손아찬,부산광역시,부산_53사단,일병,후방
24-032812734,곽현덕,서울특별시,수방사_2부대,일병,전방
24-606371742,서찬보,충청남도,충남_32사단,이병,후방
24-723487666,남궁다래,서울특별시,수방사_2부대,병장,전방
24-560544538,서문새현,인천광역시,인천_17사단,상병,전방
24-940345607,신장나,경기도,경기_9사단,이병,전방
24-249907913,남궁오범,경기도,경기_1사단,상병,전방
24-487000419,허민로,제주특별자치도,제주_9여단,병장,후방
24-544771346,한춘라,서울특별시,수방사_2부대,병장,전방
24-271459322,서문무조,서울특별시,수방사_1부대,병장,전방
24-829005701,류강호,경기도,경기_5사단,이병,전방
24-260738295,심주철,대구광역시,대구_50사단,상병,후방
24-091970419,주단백,경기도,경기_9사단,병장,전방
24-264315458,양선진,인천광역시,인천_17사단,일병,전방
24-192577819,최범로,경기도,경기_1사단,일병,전방
24-248233747,최로강,서울특별시,수방사_2부대,상병,전방
24-372092600,곽천하,대전광역시,대전_군수사,상병,후방
24-302997818,안장명,서울특별시,수방사_2부대,상병,전방
24-837810808,제갈복혁,서울특별시,수방사_1부대,병장,전방
24-694945320,남산치,서울특별시,수방사_1부대,일병,전방
24-157445863,조천명,서울특별시,수방사_2부대,상병,전방
24-091163201,손상주,인천광역시,인천_17사단,이병,전방
24-282894362,신로민,서울특별시,수방사_1부대,상병,전방
24-414647059,조예나,강원특별자치도,강원_2사단,일병,전방
24-527861630,홍애초,강원특별자치도,강원_7사단,일병,전방
24-920300666,배동건,경기도,경기_1사단,상병,전방
24-837931820,윤찬강,인천광역시,인천_17사단,일병,전방
24-346488556,심석한,전남광주통합특별시,전남_31사단,병장,후방
24-350033172,주민선,강원특별자치도,강원_7사단,이병,전방
24-869639150,노누백,충청북도,충북_37사단,이병,후방
24-623574838,정탐채,전남광주통합특별시,전남_31사단,병장,후방
24-959360064,최노은,경기도,경기_5사단,병장,전방
24-859675252,박환혜,경기도,경기_9사단,병장,전방
24-726579963,장빛찬,제주특별자치도,제주_9여단,이병,후방
24-732893728,유덕창,전남광주통합특별시,전남_31사단,일병,후방
24-146644310,주누루,서울특별시,수방사_1부대,병장,전방
24-658747370,백만채,강원특별자치도,강원_7사단,상병,전방
24-508001009,정해진,대전광역시,대전_군수사,병장,후방
24-927519013,사공상병,서울특별시,수방사_2부대,이병,전방
24-517968957,정준새,강원특별자치도,강원_2사단,일병,전방
24-981357525,백래춘,서울특별시,수방사_2부대,상병,전방
24-376707913,백재한,경기도,경기_9사단,상병,전방
24-237898913,안정전,경기도,경기_9사단,병장,전방
24-991166745,김누탐,서울특별시,수방사_2부대,상병,전방
24-770772376,서로무,서울특별시,수방사_2부대,일병,전방
24-275308090,남명아,인천광역시,인천_17사단,일병,전방
24-291094961,이라초,세종특별자치시,세종_자운대,상병,후방
24-272442574,백라철,경기도,경기_5사단,병장,전방
24-897315318,권남건,인천광역시,인천_17사단,상병,전방
24-359996551,서만경,충청남도,충남_32사단,일병,후방
24-059637218,백미오,충청남도,충남_32사단,병장,후방
24-239392697,차무조,경기도,경기_5사단,상병,전방
24-867601670,송경민,경기도,경기_1사단,일병,전방
24-659104195,정전혁,경상북도,경북_45사단,일병,후방
24-256540468,장경창,인천광역시,인천_17사단,일병,전방
24-083111326,선우석탐,서울특별시,수방사_2부대,병장,전방
24-339621177,선우백철,서울특별시,수방사_1부대,상병,전방
24-636879047,류재정,서울특별시,수방사_1부대,상병,전방
24-474144303,배래예,서울특별시,수방사_1부대,상병,전방
24-748556379,김만지,제주특별자치도,제주_9여단,상병,후방
24-335809345,허래문,강원특별자치도,강원_2사단,병장,전방
24-251981522,사공오혁,서울특별시,수방사_2부대,일병,전방
24-866059667,곽지문,경기도,경기_5사단,일병,전방
24-299232817,조상혁,대전광역시,대전_군수사,일병,후방
24-505880692,박호은,전북특별자치도,전북_35사단,상병,후방
24-460955090,신새문,서울특별시,수방사_2부대,일병,전방
24-140194217,서문민남,서울특별시,수방사_1부대,일병,전방
24-300079129,윤한남,전북특별자치도,전북_35사단,일병,후방
24-022538600,장환강,세종특별자치시,세종_자운대,이병,후방
24-922808147,문마정,강원특별자치도,강원_2사단,상병,전방
24-539776949,서전환,서울특별시,수방사_1부대,일병,전방
24-634551610,성사나,전북특별자치도,전북_35사단,상병,후방
24-779045679,제갈혜노,강원특별자치도,강원_7사단,상병,전방
24-947075488,우새준,울산광역시,울산_55사단,일병,후방
24-823848183,배경호,경상남도,경남_39사단,일병,후방
24-161533419,이탐관,서울특별시,수방사_2부대,병장,전방
24-602177796,최초진,경기도,경기_5사단,병장,전방
24-193693912,정해지,전북특별자치도,전북_35사단,상병,후방
24-544530084,심해옥,경기도,경기_9사단,일병,전방
24-514793518,정건조,제주특별자치도,제주_9여단,상병,후방
24-404056137,주혁현,경기도,경기_9사단,이병,전방
24-438870053,우선민,충청남도,충남_32사단,일병,후방
24-382527700,최남루,인천광역시,인천_17사단,상병,전방
24-365982708,서은병,경기도,경기_1사단,상병,전방
24-367474821,우하오,서울특별시,수방사_1부대,상병,전방
24-256068742,김동춘,충청남도,충남_32사단,이병,후방
24-568428576,이종아,강원특별자치도,강원_12사단,상병,전방
24-054170304,송혁노,강원특별자치도,강원_2사단,이병,전방
24-448427301,제갈옥태,경기도,경기_5사단,상병,전방
24-944573603,우명춘,인천광역시,인천_17사단,일병,전방
24-439548439,유산전,인천광역시,인천_17사단,일병,전방
24-038876563,이만범,경기도,경기_9사단,상병,전방
24-083283862,허혁단,경기도,경기_5사단,상병,전방
24-250050695,황동하,경상남도,경남_39사단,상병,후방
24-896008582,장정만,강원특별자치도,강원_12사단,병장,전방
24-906947999,윤옥빛,서울특별시,수방사_1부대,일병,전방
24-523833681,유탐예,서울특별시,수방사_2부대,상병,전방
24-350535371,허명백,인천광역시,인천_17사단,상병,전방
24-861895278,노새별,대구광역시,대구_50사단,병장,후방
24-013292829,독고해문,인천광역시,인천_17사단,이병,전방
24-557161818,남건종,강원특별자치도,강원_7사단,상병,전방
24-591713639,송호치,서울특별시,수방사_1부대,일병,전방
24-268257685,장치춘,경기도,경기_1사단,일병,전방
24-821416590,정영혜,서울특별시,수방사_2부대,이병,전방
24-470878864,고치창,서울특별시,수방사_2부대,이병,전방
24-384929095,홍준우,세종특별자치시,세종_자운대,병장,후방
24-980448044,조한진,강원특별자치도,강원_2사단,상병,전방
24-384762150,허산덕,인천광역시,인천_17사단,병장,전방
24-572819163,양택래,서울특별시,수방사_1부대,일병,전방
24-277025503,손조만,서울특별시,수방사_1부대,상병,전방
24-348112760,노담민,부산광역시,부산_53사단,일병,후방
24-322958675,독고누환,경기도,경기_9사단,상병,전방
24-575569849,문우대,강원특별자치도,강원_2사단,일병,전방
24-037798564,윤준담,인천광역시,인천_17사단,병장,전방
24-847281901,남호누,전남광주통합특별시,전남_31사단,상병,후방
24-844625189,최오다,대전광역시,대전_군수사,상병,후방
24-073105579,전문빛,인천광역시,인천_17사단,일병,전방
24-986063312,최다복,경기도,경기_9사단,병장,전방
24-498630211,홍관혁,강원특별자치도,강원_7사단,일병,전방
24-298663225,정민찬,서울특별시,수방사_1부대,병장,전방
24-185636240,류은민,인천광역시,인천_17사단,상병,전방
24-747530397,손사복,경기도,경기_5사단,일병,전방
24-032312632,홍누명,경기도,경기_9사단,이병,전방
24-574682622,전빛만,서울특별시,수방사_2부대,상병,전방
24-552953127,차탐도,경기도,경기_9사단,상병,전방
24-009365089,독고호아,강원특별자치도,강원_12사단,이병,전방
24-697091097,곽혁미,전남광주통합특별시,전남_31사단,일병,후방
24-388577058,황보오강,강원특별자치도,강원_2사단,상병,전방
24-601383438,심병덕,서울특별시,수방사_2부대,상병,전방
24-107955020,사공로별,경기도,경기_9사단,일병,전방
24-594336998,오재나,서울특별시,수방사_2부대,일병,전방
24-651889014,한별미,인천광역시,인천_17사단,상병,전방
24-113669957,사공아철,인천광역시,인천_17사단,상병,전방
24-613942311,백나전,경기도,경기_5사단,병장,전방
24-173686125,신찬혜,강원특별자치도,강원_2사단,병장,전방
24-919670380,하은정,충청북도,충북_37사단,상병,후방
24-971123198,오완전,대전광역시,대전_군수사,상병,후방
24-168050275,백보재,인천광역시,인천_17사단,일병,전방
24-587623347,주남환,강원특별자치도,강원_12사단,이병,전방
24-155573125,오장대,인천광역시,인천_17사단,이병,전방
24-443052427,제갈래선,서울특별시,수방사_1부대,일병,전방
24-916958358,배마루,경기도,경기_5사단,병장,전방
24-344452689,백복고,인천광역시,인천_17사단,병장,전방
24-891363603,백누초,경기도,경기_9사단,일병,전방
24-408629417,신문새,인천광역시,인천_17사단,일병,전방
24-387678275,남석범,강원특별자치도,강원_12사단,상병,전방
24-951706441,제갈재선,인천광역시,인천_17사단,상병,전방
24-136332295,최애다,경기도,경기_1사단,상병,전방
24-627613721,문옥준,경기도,경기_9사단,일병,전방
24-364330059,정조치,강원특별자치도,강원_7사단,이병,전방
24-601895603,송아누,경기도,경기_5사단,이병,전방
24-930436538,권준창,서울특별시,수방사_2부대,병장,전방
24-532539689,배주호,경기도,경기_9사단,일병,전방
24-757339135,주완우,강원특별자치도,강원_2사단,병장,전방
24-909229737,고도무,강원특별자치도,강원_12사단,상병,전방
24-284526616,문로보,강원특별자치도,강원_7사단,상병,전방
24-993713471,최복덕,경기도,경기_5사단,상병,전방
24-862898079,전라마,경기도,경기_1사단,일병,전방
24-484525925,정상선,세종특별자치시,세종_자운대,상병,후방
24-027812948,황보경철,서울특별시,수방사_1부대,상병,전방
24-600670338,황태도,경기도,경기_1사단,일병,전방
24-917436419,손현진,인천광역시,인천_17사단,병장,전방
24-636832124,신경한,부산광역시,부산_53사단,일병,후방
24-833761449,윤무완,경기도,경기_9사단,병장,전방
24-833549701,성택대,인천광역시,인천_17사단,일병,전방
24-954150791,송도안,강원특별자치도,강원_7사단,병장,전방
24-996481214,조장조,경상남도,경남_39사단,상병,후방
24-146182570,안남옥,충청남도,충남_32사단,상병,후방
24-831783117,한래춘,인천광역시,인천_17사단,병장,전방
24-542383784,배나오,인천광역시,인천_17사단,병장,전방
24-994839813,주관종,부산광역시,부산_53사단,일병,후방
24-814192821,유고석,제주특별자치도,제주_9여단,상병,후방
24-572728727,전혁경,강원특별자치도,강원_7사단,병장,전방
24-447424039,홍영정,인천광역시,인천_17사단,병장,전방
24-937937302,배로주,인천광역시,인천_17사단,이병,전방
24-568185970,송석상,경기도,경기_1사단,일병,전방
24-692805883,고지철,강원특별자치도,강원_2사단,병장,전방
24-613807027,선우영해,인천광역시,인천_17사단,병장,전방
24-349581136,제갈재장,경기도,경기_9사단,일병,전방
24-835199571,오천초,강원특별자치도,강원_12사단,상병,전방
24-060556313,차현강,경상남도,경남_39사단,일병,후방
24-928573758,최범사,서울특별시,수방사_2부대,이병,전방
24-375645372,하덕주,경기도,경기_9사단,상병,전방
24-421620702,하병새,강원특별자치도,강원_7사단,상병,전방
24-702131592,유덕강,세종특별자치시,세종_자운대,이병,후방
24-899041489,황애누,서울특별시,수방사_1부대,일병,전방
24-611256449,안환다,인천광역시,인천_17사단,상병,전방
24-363919748,정정무,인천광역시,인천_17사단,일병,전방
24-137827596,황보종노,강원특별자치도,강원_7사단,일병,전방
24-840227586,유범빛,전남광주통합특별시,전남_31사단,병장,후방
24-653331681,제갈무주,인천광역시,인천_17사단,이병,전방
24-927568274,조종한,강원특별자치도,강원_7사단,일병,전방
24-820960779,장누석,강원특별자치도,강원_7사단,일병,전방
24-940351344,차재은,서울특별시,수방사_1부대,일병,전방
24-646301959,선우아정,경기도,경기_9사단,일병,전방
24-160747816,손창민,강원특별자치도,강원_12사단,상병,전방
24-050115134,양보혜,충청남도,충남_32사단,이병,후방
24-888443092,안루애,대구광역시,대구_50사단,상병,후방
24-627056236,제갈아마,서울특별시,수방사_2부대,상병,전방
24-755532010,배정채,강원특별자치도,강원_7사단,일병,전방
24-645236960,류루환,울산광역시,울산_55사단,일병,후방
24-210947411,곽로도,경상남도,경남_39사단,이병,후방
24-719968036,서문새아,강원특별자치도,강원_2사단,상병,전방
24-601564685,안래덕,경기도,경기_5사단,병장,전방
24-504700631,박상서,경기도,경기_1사단,병장,전방
24-416993897,송라호,강원특별자치도,강원_12사단,이병,전방
24-752567840,송완덕,서울특별시,수방사_1부대,이병,전방
24-183198686,곽도상,서울특별시,수방사_2부대,일병,전방
24-896545333,조관별,제주특별자치도,제주_9여단,이병,후방
24-853409909,고로해,인천광역시,인천_17사단,상병,전방
24-712553889,유아지,경기도,경기_5사단,일병,전방
24-243622183,서문백한,강원특별자치도,강원_2사단,병장,전방
24-253009459,서문대사,강원특별자치도,강원_12사단,일병,전방
24-421677171,배대미,서울특별시,수방사_1부대,상병,전방
24-986524319,신관선,울산광역시,울산_55사단,일병,후방
24-302214172,남궁우단,경상북도,경북_45사단,일병,후방
24-710014965,선우해서,경기도,경기_5사단,일병,전방
24-914542169,신관애,울산광역시,울산_55사단,상병,후방
24-749905981,황명도,대구광역시,대구_50사단,상병,후방
24-201029266,허사로,경기도,경기_1사단,상병,전방
24-854211305,독고나범,서울특별시,수방사_1부대,일병,전방
24-242239811,서문마진,경기도,경기_1사단,이병,전방
24-404000986,한로문,인천광역시,인천_17사단,이병,전방
24-475932562,정정나,경기도,경기_5사단,일병,전방
24-614606111,송문로,서울특별시,수방사_1부대,상병,전방
24-710694390,백동나,인천광역시,인천_17사단,병장,전방
24-724714122,서문아지,경기도,경기_9사단,상병,전방
24-855838539,차한완,강원특별자치도,강원_7사단,상병,전방
24-735352633,이조창,강원특별자치도,강원_2사단,상병,전방
24-557635593,성태천,인천광역시,인천_17사단,일병,전방
24-562976937,서춘재,경기도,경기_1사단,상병,전방
24-787434222,선우무택,강원특별자치도,강원_2사단,이병,전방
24-284625238,제갈대현,인천광역시,인천_17사단,일병,전방
24-518175953,임석무,전남광주통합특별시,전남_31사단,일병,후방
24-931670006,권서준,서울특별시,수방사_2부대,일병,전방
24-837664236,임별한,서울특별시,수방사_1부대,병장,전방
24-813955735,유무치,경기도,경기_9사단,일병,전방
24-508554422,권명현,인천광역시,인천_17사단,일병,전방
24-145804947,강안단,강원특별자치도,강원_12사단,일병,전방
24-007263373,허새준,인천광역시,인천_17사단,상병,전방
24-579426440,황보빛진,경기도,경기_1사단,일병,전방
24-199591937,심사춘,충청남도,충남_32사단,이병,후방
24-460071160,신오지,전북특별자치도,전북_35사단,병장,후방
24-564885503,윤해무,강원특별자치도,강원_2사단,상병,전방
24-293443879,남궁석혁,서울특별시,수방사_2부대,상병,전방
24-524602165,신빛백,서울특별시,수방사_1부대,일병,전방
24-863824657,오누전,경기도,경기_5사단,상병,전방
24-419036501,손채아,경기도,경기_9사단,일병,전방
24-846827111,남궁장영,인천광역시,인천_17사단,상병,전방
24-631039072,서문종만,인천광역시,인천_17사단,일병,전방
24-520075545,임조석,인천광역시,인천_17사단,이병,전방
24-981718816,남궁병지,충청남도,충남_32사단,일병,후방
24-570855387,사공진마,인천광역시,인천_17사단,일병,전방
24-301020811,주채조,대구광역시,대구_50사단,일병,후방
24-219156590,이다진,서울특별시,수방사_2부대,이병,전방
24-704532608,곽고건,충청남도,충남_32사단,일병,후방
24-249117439,임민오,인천광역시,인천_17사단,상병,전방
24-583315737,장지백,경기도,경기_9사단,일병,전방
24-807307142,이택태,인천광역시,인천_17사단,일병,전방
24-949455308,이도애,서울특별시,수방사_1부대,일병,전방
24-579972599,노대채,경기도,경기_1사단,일병,전방
24-144969348,유초아,서울특별시,수방사_1부대,병장,전방
24-182563137,유혜하,강원특별자치도,강원_7사단,이병,전방
24-017993462,황창래,경기도,경기_1사단,일병,전방
24-202559794,노별옥,전남광주통합특별시,전남_31사단,상병,후방
24-948002126,강상채,서울특별시,수방사_1부대,일병,전방
24-575509946,황보치노,강원특별자치도,강원_2사단,상병,전방
24-689522454,정창혜,서울특별시,수방사_1부대,상병,전방
24-761782904,우초철,인천광역시,인천_17사단,병장,전방
24-807505964,우무춘,울산광역시,울산_55사단,일병,후방
24-384494300,박민덕,서울특별시,수방사_1부대,상병,전방
24-969797566,정단애,대전광역시,대전_군수사,이병,후방
24-227952825,류전은,인천광역시,인천_17사단,일병,전방
24-914752804,독고보단,서울특별시,수방사_1부대,일병,전방
24-497059123,백현보,인천광역시,인천_17사단,병장,전방
24-053366676,노천동,대전광역시,대전_군수사,상병,후방
24-623455320,하하준,강원특별자치도,강원_2사단,이병,전방
24-520379367,배서나,서울특별시,수방사_1부대,병장,전방
24-530887346,유은상,인천광역시,인천_17사단,병장,전방
24-463660161,서래초,울산광역시,울산_55사단,상병,후방
24-907277959,하택문,강원특별자치도,강원_2사단,일병,전방
24-099431388,유대종,경기도,경기_5사단,병장,전방
24-348141277,선우고미,경기도,경기_5사단,상병,전방
24-188506683,정서우,강원특별자치도,강원_12사단,이병,전방
24-264754513,남궁고안,서울특별시,수방사_1부대,병장,전방
24-599408514,정단건,충청남도,충남_32사단,병장,후방
24-783720791,양라종,인천광역시,인천_17사단,일병,전방
24-125370158,권찬서,서울특별시,수방사_1부대,상병,전방
24-809543841,우주마,대전광역시,대전_군수사,일병,후방
24-065527099,박지장,경기도,경기_9사단,병장,전방
24-873848774,송산철,인천광역시,인천_17사단,병장,전방
24-780854132,성태단,강원특별자치도,강원_2사단,상병,전방
24-955642805,허조춘,경기도,경기_5사단,병장,전방
24-016662585,문라오,경기도,경기_5사단,병장,전방
24-076237800,홍별민,강원특별자치도,강원_7사단,일병,전방
24-073287898,홍은채,강원특별자치도,강원_2사단,이병,전방
24-095795697,류옥영,강원특별자치도,강원_7사단,병장,전방
24-464324750,제갈혜복,제주특별자치도,제주_9여단,병장,후방
24-114314659,백태춘,울산광역시,울산_55사단,상병,후방
24-000786723,안산무,강원특별자치도,강원_12사단,상병,전방
24-189169507,오병천,충청북도,충북_37사단,상병,후방
24-203338522,박마철,강원특별자치도,강원_7사단,일병,전방
24-994644978,조나재,서울특별시,수방사_2부대,병장,전방
24-585469901,황천도,서울특별시,수방사_2부대,병장,전방
24-967987572,정태루,경상남도,경남_39사단,병장,후방
24-070017459,남미한,경기도,경기_9사단,일병,전방
24-276637340,고천무,대구광역시,대구_50사단,일병,후방
24-903653392,황보담강,울산광역시,울산_55사단,일병,후방
24-001761482,박지택,경기도,경기_5사단,상병,전방
24-717019778,안강단,경기도,경기_5사단,상병,전방
24-992912328,제갈옥로,인천광역시,인천_17사단,일병,전방
24-004227030,정나도,강원특별자치도,강원_2사단,병장,전방
24-995213188,홍별혜,세종특별자치시,세종_자운대,일병,후방
24-966234890,한경종,경기도,경기_5사단,일병,전방
24-090789479,우노동,인천광역시,인천_17사단,일병,전방
24-829296580,임경복,강원특별자치도,강원_12사단,이병,전방
24-773791395,김덕새,울산광역시,울산_55사단,상병,후방
24-642604599,강서옥,서울특별시,수방사_1부대,일병,전방
24-415858022,백진서,서울특별시,수방사_1부대,이병,전방
24-638035634,류로담,경기도,경기_9사단,상병,전방
24-466114109,송천채,경기도,경기_5사단,상병,전방
24-513030405,백무오,세종특별자치시,세종_자운대,일병,후방
24-561718348,최빛래,부산광역시,부산_53사단,병장,후방
24-979679802,전노대,강원특별자치도,강원_12사단,상병,전방
24-557911723,문철동,강원특별자치도,강원_2사단,일병,전방
24-462607443,전명고,강원특별자치도,강원_12사단,이병,전방
24-642687922,남범무,강원특별자치도,강원_2사단,일병,전방
24-284316734,성하조,강원특별자치도,강원_2사단,일병,전방
24-505119091,최혁덕,강원특별자치도,강원_2사단,일병,전방
24-160946204,배준대,강원특별자치도,강원_2사단,병장,전방
24-793929930,서철치,인천광역시,인천_17사단,상병,전방
24-579238883,권철한,서울특별시,수방사_1부대,상병,전방
24-582541849,정혁은,서울특별시,수방사_2부대,일병,전방
24-283259210,류채관,인천광역시,인천_17사단,이병,전방
24-905908618,홍하무,강원특별자치도,강원_7사단,이병,전방
24-557760570,양라전,경기도,경기_1사단,상병,전방
24-592389206,조해별,서울특별시,수방사_2부대,병장,전방
24-519047610,고병안,강원특별자치도,강원_12사단,상병,전방
24-266267995,남명춘,인천광역시,인천_17사단,일병,전방
24-875695491,문혁우,경상북도,경북_45사단,일병,후방
24-756670646,김예춘,인천광역시,인천_17사단,상병,전방
24-401525707,오초단,인천광역시,인천_17사단,병장,전방
24-043749064,전준우,강원특별자치도,강원_2사단,상병,전방
24-374109728,문민새,서울특별시,수방사_1부대,병장,전방
24-972161519,남하남,경기도,경기_1사단,상병,전방
24-833493931,문채라,서울특별시,수방사_1부대,일병,전방
24-834463300,유채영,경기도,경기_9사단,일병,전방
24-256916267,유천호,대구광역시,대구_50사단,병장,후방
24-884494366,권루만,인천광역시,인천_17사단,일병,전방
24-939203939,임사로,강원특별자치도,강원_12사단,일병,전방
24-558935162,사공정애,인천광역시,인천_17사단,이병,전방
24-435849841,이혁나,인천광역시,인천_17사단,일병,전방
24-227733626,조태빛,강원특별자치도,강원_7사단,상병,전방
24-380822435,조명로,서울특별시,수방사_1부대,상병,전방
24-065534198,차민보,서울특별시,수방사_2부대,상병,전방
24-136900756,성고장,서울특별시,수방사_1부대,일병,전방
24-137631961,박산남,경기도,경기_1사단,이병,전방
24-934396767,박재혜,경기도,경기_1사단,병장,전방
24-954831806,문채누,경기도,경기_9사단,일병,전방
24-032039840,정천석,강원특별자치도,강원_2사단,병장,전방
24-311972231,허범현,강원특별자치도,강원_2사단,이병,전방
24-036760309,이만치,경상남도,경남_39사단,상병,후방
24-256971580,강관춘,경기도,경기_9사단,병장,전방
24-893067799,송채대,충청북도,충북_37사단,상병,후방
24-574571578,선우만백,인천광역시,인천_17사단,일병,전방
24-294456005,하해옥,인천광역시,인천_17사단,이병,전방
24-250810850,서문하도,강원특별자치도,강원_12사단,상병,전방
24-804503477,유천혁,전북특별자치도,전북_35사단,상병,후방
24-015064784,손현동,서울특별시,수방사_1부대,이병,전방
24-771628058,임고전,경기도,경기_9사단,일병,전방
24-811183834,신만문,전남광주통합특별시,전남_31사단,일병,후방
24-463549989,송마채,인천광역시,인천_17사단,이병,전방
24-299888855,권관은,인천광역시,인천_17사단,상병,전방
24-327876933,전치옥,세종특별자치시,세종_자운대,일병,후방
24-026796750,안탐천,전북특별자치도,전북_35사단,일병,후방
24-935005773,류환대,서울특별시,수방사_1부대,일병,전방
24-765141018,안만철,강원특별자치도,강원_2사단,병장,전방
24-595146543,허영고,경기도,경기_9사단,일병,전방
24-414603100,조옥도,인천광역시,인천_17사단,일병,전방
24-738304273,남궁로예,대구광역시,대구_50사단,일병,후방
24-685429830,최해우,서울특별시,수방사_1부대,상병,전방
24-839177075,제갈라산,부산광역시,부산_53사단,일병,후방
24-330372101,황보병래,울산광역시,울산_55사단,일병,후방
24-728137480,허나덕,울산광역시,울산_55사단,일병,후방
24-865365266,오오안,서울특별시,수방사_2부대,이병,전방
24-160227681,한다병,경기도,경기_5사단,상병,전방
24-859536788,하진백,인천광역시,인천_17사단,일병,전방
24-021338943,허진병,강원특별자치도,강원_2사단,일병,전방
24-134647324,주남환,강원특별자치도,강원_2사단,병장,전방
24-033108600,손고치,서울특별시,수방사_1부대,상병,전방
24-097358397,문민준,인천광역시,인천_17사단,일병,전방
24-232558870,서문산은,인천광역시,인천_17사단,일병,전방
24-562924692,조오애,인천광역시,인천_17사단,병장,전방
24-143380873,정재라,전남광주통합특별시,전남_31사단,상병,후방
24-747947987,우옥건,경기도,경기_5사단,병장,전방
24-547523784,전주채,대구광역시,대구_50사단,상병,후방
24-938376640,권미지,제주특별자치도,제주_9여단,이병,후방
24-886769941,오춘안,충청남도,충남_32사단,상병,후방
24-028933694,전도철,충청북도,충북_37사단,이병,후방
24-315833146,정조산,서울특별시,수방사_1부대,일병,전방
24-095299621,서문관강,강원특별자치도,강원_12사단,일병,전방
24-540613017,신병덕,강원특별자치도,강원_7사단,상병,전방
24-069026919,류명관,서울특별시,수방사_1부대,일병,전방
24-883982382,배새영,경기도,경기_5사단,일병,전방
24-430332795,서문석천,인천광역시,인천_17사단,일병,전방
24-734036575,조사옥,서울특별시,수방사_1부대,병장,전방
24-105103198,김장주,인천광역시,인천_17사단,병장,전방
24-659704299,오새아,충청북도,충북_37사단,상병,후방
24-969819909,하빛고,서울특별시,수방사_1부대,상병,전방
24-214948850,강선노,경기도,경기_1사단,일병,전방
24-366089350,손동전,울산광역시,울산_55사단,일병,후방
24-736891426,송찬조,강원특별자치도,강원_12사단,상병,전방
24-725645944,고지담,경기도,경기_1사단,상병,전방
24-977184207,독고한선,충청북도,충북_37사단,이병,후방
24-143661672,윤도채,세종특별자치시,세종_자운대,병장,후방
24-861574339,서준남,세종특별자치시,세종_자운대,일병,후방
24-075853808,서문병나,서울특별시,수방사_2부대,일병,전방
24-223666129,심오고,강원특별자치도,강원_12사단,일병,전방
24-620092850,조하철,제주특별자치도,제주_9여단,일병,후방
24-143902885,주대담,강원특별자치도,강원_2사단,일병,전방
24-043119118,배해루,세종특별자치시,세종_자운대,상병,후방
24-527733898,우장안,전북특별자치도,전북_35사단,병장,후방
24-508663939,전창종,인천광역시,인천_17사단,상병,전방
24-498641778,이사래,강원특별자치도,강원_7사단,병장,전방
24-459843247,우창진,울산광역시,울산_55사단,일병,후방
24-738161066,신찬관,제주특별자치도,제주_9여단,일병,후방
24-286046500,서담장,경상북도,경북_45사단,일병,후방
24-576972581,정환산,세종특별자치시,세종_자운대,일병,후방
24-912490426,서문만서,서울특별시,수방사_1부대,상병,전방
24-168175053,한치주,충청남도,충남_32사단,이병,후방
24-576955759,정나재,인천광역시,인천_17사단,상병,전방
24-647121996,조지해,강원특별자치도,강원_7사단,이병,전방
24-162168362,문다채,울산광역시,울산_55사단,상병,후방
24-952649343,박완무,강원특별자치도,강원_12사단,상병,전방
24-775813675,정조장,인천광역시,인천_17사단,이병,전방
24-415419900,곽누루,경상남도,경남_39사단,이병,후방
24-139924310,장주건,서울특별시,수방사_2부대,상병,전방
24-151959738,조담재,경기도,경기_9사단,병장,전방
24-308828925,이정강,경기도,경기_1사단,병장,전방
24-952212115,차주만,전북특별자치도,전북_35사단,병장,후방
24-550843738,제갈완서,서울특별시,수방사_1부대,상병,전방
24-878979645,한택보,강원특별자치도,강원_2사단,이병,전방
24-375708915,류산해,강원특별자치도,강원_2사단,상병,전방
24-018842321,정예철,강원특별자치도,강원_12사단,이병,전방
24-900543231,우치백,강원특별자치도,강원_12사단,이병,전방
24-478095463,서문한보,전북특별자치도,전북_35사단,일병,후방
24-885047737,남궁노채,인천광역시,인천_17사단,상병,전방
24-445648577,서문전노,강원특별자치도,강원_7사단,상병,전방
24-032816335,허장빛,경상북도,경북_45사단,일병,후방
24-934493965,이지명,인천광역시,인천_17사단,상병,전방
24-238743377,백나누,제주특별자치도,제주_9여단,병장,후방
24-535047231,노루철,경기도,경기_1사단,상병,전방
24-202790453,강지오,대구광역시,대구_50사단,일병,후방
24-718738323,조종호,인천광역시,인천_17사단,병장,전방
24-894570245,조천채,경기도,경기_1사단,병장,전방
24-963024909,윤만루,충청남도,충남_32사단,상병,후방
24-039022074,곽오민,강원특별자치도,강원_7사단,일병,전방
24-338575925,남궁완남,서울특별시,수방사_2부대,상병,전방
24-290139323,박덕채,강원특별자치도,강원_2사단,이병,전방
24-127164521,선우재보,경기도,경기_1사단,병장,전방
24-225718689,한산진,서울특별시,수방사_1부대,상병,전방
24-878025028,안채재,서울특별시,수방사_2부대,상병,전방
24-616436663,제갈미옥,서울특별시,수방사_1부대,일병,전방
24-361275067,사공건아,서울특별시,수방사_1부대,이병,전방
24-701182573,김강현,강원특별자치도,강원_2사단,상병,전방
24-314757340,문태로,서울특별시,수방사_2부대,일병,전방
24-613862654,황옥하,강원특별자치도,강원_2사단,상병,전방
24-932339141,신철선,경기도,경기_1사단,이병,전방
24-404621164,최예아,경기도,경기_1사단,상병,전방
24-284947387,송담건,충청북도,충북_37사단,이병,후방
24-323088678,윤혁무,충청북도,충북_37사단,이병,후방
24-427598492,성석전,인천광역시,인천_17사단,일병,전방
24-719203068,우상강,대구광역시,대구_50사단,일병,후방
24-000448048,독고옥진,강원특별자치도,강원_7사단,상병,전방
24-181525531,신철만,강원특별자치도,강원_12사단,상병,전방
24-485194614,한덕하,인천광역시,인천_17사단,상병,전방
24-319064579,성미택,울산광역시,울산_55사단,병장,후방
24-693134497,서우고,세종특별자치시,세종_자운대,병장,후방
24-455536239,한남문,경기도,경기_1사단,병장,전방
24-976846917,허마초,강원특별자치도,강원_7사단,병장,전방
24-262351029,문무창,인천광역시,인천_17사단,병장,전방
24-371648838,류노천,인천광역시,인천_17사단,상병,전방
24-203151634,하대현,강원특별자치도,강원_2사단,병장,전방
24-710042744,제갈진하,경기도,경기_5사단,일병,전방
24-781326721,정루하,강원특별자치도,강원_12사단,일병,전방
24-852641351,심해단,강원특별자치도,강원_7사단,상병,전방
24-646609102,황정호,경기도,경기_1사단,상병,전방
24-579800623,허마무,인천광역시,인천_17사단,상병,전방
24-795130351,서문혜명,인천광역시,인천_17사단,일병,전방
24-491268160,황만마,서울특별시,수방사_2부대,일병,전방
24-705996995,전경미,충청북도,충북_37사단,상병,후방
24-462274244,심정주,서울특별시,수방사_2부대,일병,전방
24-665257318,우영환,대전광역시,대전_군수사,병장,후방
24-430815803,허치동,경기도,경기_1사단,상병,전방
24-040410567,손해아,경기도,경기_1사단,병장,전방
24-713325019,양백무,대구광역시,대구_50사단,상병,후방
24-212968229,손다석,인천광역시,인천_17사단,상병,전방
24-293447457,유태덕,전북특별자치도,전북_35사단,일병,후방
24-721839845,조택우,경기도,경기_5사단,일병,전방
24-599998318,백범나,경기도,경기_5사단,병장,전방
24-906810538,권현동,전북특별자치도,전북_35사단,일병,후방
24-250313352,선우담천,경기도,경기_1사단,병장,전방
24-487871857,유준루,서울특별시,수방사_1부대,일병,전방
24-978925036,서보나,대구광역시,대구_50사단,병장,후방
24-263553329,남택로,서울특별시,수방사_1부대,병장,전방
24-530619257,홍누남,서울특별시,수방사_2부대,병장,전방
24-120205584,이경대,인천광역시,인천_17사단,상병,전방
24-369095926,장남루,강원특별자치도,강원_7사단,상병,전방
24-972091269,백하탐,강원특별자치도,강원_2사단,일병,전방
24-048113723,임선만,경기도,경기_9사단,일병,전방
24-978892155,백라애,서울특별시,수방사_1부대,병장,전방
24-853377915,손관천,강원특별자치도,강원_2사단,상병,전방
24-896257234,허종건,경기도,경기_9사단,일병,전방
24-424915396,한옥재,인천광역시,인천_17사단,일병,전방
24-604207282,서문단천,경기도,경기_5사단,상병,전방
24-974835204,윤혜환,강원특별자치도,강원_7사단,상병,전방
24-250714755,양우종,서울특별시,수방사_1부대,일병,전방
24-004987761,주호탐,강원특별자치도,강원_7사단,일병,전방
24-365421868,류빛택,서울특별시,수방사_2부대,상병,전방
24-316797321,장대우,경상북도,경북_45사단,병장,후방
24-812166313,임종혜,서울특별시,수방사_1부대,일병,전방
24-211101878,황보노철,울산광역시,울산_55사단,일병,후방
24-122792064,허완춘,충청북도,충북_37사단,이병,후방
24-232691892,사공병고,충청남도,충남_32사단,상병,후방
24-060533653,전명선,경기도,경기_5사단,이병,전방
24-903088047,유우누,인천광역시,인천_17사단,상병,전방
24-553280247,주채고,충청북도,충북_37사단,일병,후방
24-851016964,독고종한,인천광역시,인천_17사단,상병,전방
24-616489878,우환문,경상남도,경남_39사단,일병,후방
24-451892384,김안태,강원특별자치도,강원_7사단,병장,전방
24-555401949,오다상,서울특별시,수방사_2부대,일병,전방
24-988633954,홍석애,강원특별자치도,강원_7사단,상병,전방
24-055179542,성고예,충청남도,충남_32사단,병장,후방
24-395700682,손라산,인천광역시,인천_17사단,상병,전방
24-488979271,남궁래환,강원특별자치도,강원_2사단,일병,전방
24-746243921,황보태사,경기도,경기_5사단,상병,전방
24-084796114,권탐창,서울특별시,수방사_2부대,상병,전방
24-163151291,황보다산,강원특별자치도,강원_2사단,상병,전방
24-965172013,손덕장,경기도,경기_9사단,상병,전방
24-493343890,성재라,대전광역시,대전_군수사,병장,후방
24-647198658,오무민,서울특별시,수방사_1부대,일병,전방
24-377070513,조현서,강원특별자치도,강원_7사단,이병,전방
24-827677727,임하건,경기도,경기_5사단,일병,전방
24-443302693,류새진,강원특별자치도,강원_7사단,상병,전방
24-310515567,제갈미정,경기도,경기_1사단,병장,전방
24-547929829,최나민,강원특별자치도,강원_2사단,일병,전방
24-163418067,오재혁,인천광역시,인천_17사단,상병,전방
24-655729657,노택하,인천광역시,인천_17사단,병장,전방
24-677124290,유은문,경기도,경기_5사단,일병,전방
24-228076672,윤선태,인천광역시,인천_17사단,이병,전방
24-319269349,오진천,서울특별시,수방사_1부대,병장,전방
24-820738794,안라서,전남광주통합특별시,전남_31사단,상병,후방
24-179484597,우명정,충청남도,충남_32사단,상병,후방
24-834317557,서무애,강원특별자치도,강원_2사단,이병,전방
24-808505638,홍창관,경상남도,경남_39사단,상병,후방
24-009338331,곽담경,경기도,경기_5사단,일병,전방
24-254516155,임철옥,경기도,경기_9사단,병장,전방
24-761510541,김완도,강원특별자치도,강원_7사단,일병,전방
24-126401742,남궁지도,전남광주통합특별시,전남_31사단,일병,후방
24-607218523,이민안,강원특별자치도,강원_2사단,일병,전방
24-116373179,안래은,경기도,경기_5사단,이병,전방
24-726393324,고태오,제주특별자치도,제주_9여단,상병,후방
24-725050710,윤남하,강원특별자치도,강원_7사단,일병,전방
24-042370450,심누전,경기도,경기_1사단,일병,전방
24-947630419,차춘새,경기도,경기_9사단,병장,전방
24-517946230,하범석,경기도,경기_1사단,상병,전방
24-538881490,정무장,충청북도,충북_37사단,이병,후방
24-738681634,조보안,강원특별자치도,강원_12사단,병장,전방
24-974991599,윤관선,강원특별자치도,강원_2사단,병장,전방
24-115480472,곽창영,강원특별자치도,강원_12사단,이병,전방
24-614637628,류혁택,인천광역시,인천_17사단,병장,전방
24-941073626,임상누,강원특별자치도,강원_2사단,일병,전방
24-270444888,한예주,경기도,경기_9사단,일병,전방
24-355177071,성문민,충청남도,충남_32사단,상병,후방
24-149566328,오남아,인천광역시,인천_17사단,이병,전방
24-714832560,신주도,강원특별자치도,강원_2사단,이병,전방
24-839070792,백고진,서울특별시,수방사_1부대,상병,전방
24-706609672,허문천,인천광역시,인천_17사단,상병,전방
24-430777778,황보도지,경상북도,경북_45사단,일병,후방
24-550767771,장춘준,경기도,경기_1사단,일병,전방
24-880966253,서서초,서울특별시,수방사_1부대,일병,전방
24-122116211,유백하,서울특별시,수방사_2부대,병장,전방
24-954599338,독고조탐,대전광역시,대전_군수사,일병,후방
24-794713053,고춘로,경기도,경기_5사단,이병,전방
24-812558475,제갈민하,강원특별자치도,강원_2사단,상병,전방
24-119841439,남빛사,서울특별시,수방사_1부대,상병,전방
24-253524217,성서하,세종특별자치시,세종_자운대,이병,후방
24-176595523,황백혁,경기도,경기_1사단,일병,전방
24-831016160,곽대마,인천광역시,인천_17사단,상병,전방
24-710550865,성미애,인천광역시,인천_17사단,이병,전방
24-427417517,신오태,서울특별시,수방사_1부대,상병,전방
24-682061644,조영백,서울특별시,수방사_2부대,이병,전방
24-382089924,유사미,강원특별자치도,강원_2사단,상병,전방
24-407345730,차탐민,서울특별시,수방사_1부대,이병,전방
24-113830623,신라장,대전광역시,대전_군수사,일병,후방
24-278453000,이민다,경상남도,경남_39사단,병장,후방
24-257138423,양서복,서울특별시,수방사_1부대,이병,전방
24-935828365,서건명,인천광역시,인천_17사단,상병,전방
24-279179945,남궁범다,서울특별시,수방사_1부대,상병,전방
24-248004272,주만경,강원특별자치도,강원_7사단,일병,전방
24-733069782,조래상,서울특별시,수방사_1부대,상병,전방
24-598534268,최조보,서울특별시,수방사_2부대,상병,전방
24-386565724,곽병래,전남광주통합특별시,전남_31사단,상병,후방
24-871823640,한치석,경기도,경기_1사단,일병,전방
24-260941214,남주전,인천광역시,인천_17사단,상병,전방
24-580259503,조초조,전남광주통합특별시,전남_31사단,일병,후방
24-834045026,홍래준,서울특별시,수방사_2부대,병장,전방
24-927349051,정라애,강원특별자치도,강원_7사단,상병,전방
24-864278903,독고루민,경기도,경기_9사단,일병,전방
24-927229073,유미조,경기도,경기_5사단,병장,전방
24-822653187,권대창,서울특별시,수방사_1부대,상병,전방
24-529720412,오재탐,인천광역시,인천_17사단,일병,전방
24-322966098,정호선,서울특별시,수방사_1부대,병장,전방
24-936763684,윤상마,대전광역시,대전_군수사,일병,후방
24-382618027,송경창,경기도,경기_5사단,상병,전방
24-363786797,송종루,인천광역시,인천_17사단,이병,전방
24-855489675,최철동,경기도,경기_9사단,상병,전방
24-059437354,한지백,강원특별자치도,강원_2사단,일병,전방
24-658006999,성선새,경상남도,경남_39사단,상병,후방
24-084120069,장옥대,충청북도,충북_37사단,상병,후방
24-591654688,서담상,강원특별자치도,강원_12사단,병장,전방
24-276729946,조정호,강원특별자치도,강원_7사단,상병,전방
24-946370119,백애준,강원특별자치도,강원_2사단,일병,전방
24-786448709,송빛장,인천광역시,인천_17사단,일병,전방
24-058834166,홍하호,강원특별자치도,강원_12사단,일병,전방
24-401934014,백석담,강원특별자치도,강원_12사단,일병,전방
24-453423908,주우병,서울특별시,수방사_1부대,병장,전방
24-646689782,주병다,전북특별자치도,전북_35사단,일병,후방
24-880472081,주하안,인천광역시,인천_17사단,병장,전방
24-010827023,노건보,강원특별자치도,강원_12사단,병장,전방
24-873284026,유전나,대구광역시,대구_50사단,일병,후방
24-561462432,강해단,강원특별자치도,강원_12사단,상병,전방
24-760475053,차하춘,제주특별자치도,제주_9여단,병장,후방
24-973122935,황동건,경기도,경기_5사단,상병,전방
24-107578248,권명상,강원특별자치도,강원_2사단,이병,전방
24-362806174,송별만,서울특별시,수방사_2부대,일병,전방
24-299509462,백옥현,서울특별시,수방사_1부대,병장,전방
24-786461655,곽단하,강원특별자치도,강원_2사단,상병,전방
24-154568218,성태새,강원특별자치도,강원_12사단,일병,전방
24-257238107,황태초,울산광역시,울산_55사단,상병,후방
24-871872349,차현무,경기도,경기_9사단,상병,전방
24-187732772,장주철,인천광역시,인천_17사단,상병,전방
24-174499428,고새관,강원특별자치도,강원_12사단,이병,전방
24-994633504,조종호,경기도,경기_1사단,상병,전방
24-090575084,유한완,강원특별자치도,강원_7사단,이병,전방
24-851236629,임현사,경상북도,경북_45사단,병장,후방
24-628718860,류탐나,강원특별자치도,강원_2사단,이병,전방
24-418512779,이범로,서울특별시,수방사_2부대,병장,전방
24-130693311,주노마,강원특별자치도,강원_7사단,상병,전방
24-006346380,남궁민강,인천광역시,인천_17사단,일병,전방
24-996786997,양창지,강원특별자치도,강원_2사단,이병,전방
24-116948779,이선옥,강원특별자치도,강원_2사단,일병,전방
24-297167267,곽조탐,충청북도,충북_37사단,병장,후방
24-404139746,허예나,울산광역시,울산_55사단,상병,후방
24-850497839,임탐석,강원특별자치도,강원_12사단,상병,전방
24-032878615,사공래찬,인천광역시,인천_17사단,상병,전방
24-444227161,독고철현,부산광역시,부산_53사단,이병,후방
24-467992852,최무강,경기도,경기_5사단,상병,전방
24-021298267,노한하,강원특별자치도,강원_2사단,상병,전방
24-760330450,한주범,경기도,경기_9사단,병장,전방
24-597117026,정혜누,인천광역시,인천_17사단,병장,전방
24-172192021,오지완,울산광역시,울산_55사단,병장,후방
24-574219577,사공빛해,인천광역시,인천_17사단,병장,전방
24-710051868,정복한,인천광역시,인천_17사단,병장,전방
24-466474079,허단종,경기도,경기_1사단,일병,전방
24-621035948,조마로,강원특별자치도,강원_7사단,이병,전방
24-678672271,고완탐,경기도,경기_9사단,이병,전방
24-101916848,조지로,전북특별자치도,전북_35사단,병장,후방
24-261308851,송재진,인천광역시,인천_17사단,병장,전방
24-767611574,전단산,서울특별시,수방사_2부대,일병,전방
24-321618869,조무경,강원특별자치도,강원_7사단,병장,전방
24-273124669,한호채,강원특별자치도,강원_2사단,상병,전방
24-259502805,정병나,대구광역시,대구_50사단,일병,후방
24-667843947,남궁채덕,경기도,경기_5사단,이병,전방
24-101682159,강만진,서울특별시,수방사_1부대,일병,전방
24-270268949,윤안채,울산광역시,울산_55사단,이병,후방
24-467792996,양완하,강원특별자치도,강원_12사단,상병,전방
24-431943385,유지상,경기도,경기_5사단,이병,전방
24-755491264,황장한,경기도,경기_9사단,일병,전방
24-540021098,유무노,인천광역시,인천_17사단,일병,전방
24-502141690,서강서,서울특별시,수방사_2부대,상병,전방
24-981326265,정옥완,경기도,경기_1사단,상병,전방
24-273036692,독고노새,인천광역시,인천_17사단,상병,전방
24-283465796,오담민,대구광역시,대구_50사단,일병,후방
24-163701157,차치로,인천광역시,인천_17사단,상병,전방
24-304497043,장문선,경기도,경기_1사단,일병,전방
24-499711640,장루경,강원특별자치도,강원_12사단,이병,전방
24-160468838,서로오,경기도,경기_9사단,이병,전방
24-659362736,정주담,경기도,경기_5사단,상병,전방
24-021644995,손혜진,강원특별자치도,강원_7사단,상병,전방
24-379893728,서호병,서울특별시,수방사_1부대,병장,전방
24-312076126,차고백,제주특별자치도,제주_9여단,병장,후방
24-372813560,박관미,제주특별자치도,제주_9여단,일병,후방
24-495403001,전초한,강원특별자치도,강원_2사단,상병,전방
24-405386654,성치단,인천광역시,인천_17사단,일병,전방
24-434105870,이영새,경기도,경기_1사단,일병,전방
24-513220893,권경만,경기도,경기_1사단,이병,전방
24-410630758,유해택,인천광역시,인천_17사단,병장,전방
24-844301299,손지현,전남광주통합특별시,전남_31사단,병장,후방
24-350492812,양범라,경기도,경기_5사단,일병,전방
24-561410014,송동안,인천광역시,인천_17사단,상병,전방
24-186995836,류전장,강원특별자치도,강원_2사단,일병,전방
