음식,열량
122kcal,
가공우유 딸기(02),116.0
가공우유 바나나,167.0
가공우유(딸기)(02),116.0
가공우유(딸기맛)(02),116.0
가공우유(딸기맛)(02)(05),82.5
가공우유(메론)(02),190.0
가공우유(바나나)(02),167.0
가공우유(바나나맛)(02),167.0
가공우유(초코)(02),126.0
가공우유(초코맛)(02),126.0
가스오부시어묵탕(05)(06),65.19
가야농장 제주감귤,44.0
가지굴소스볶음(05)(06),36.42
가지굴소스쇠고기볶음(05)(06)(16),88.79
가지무침(05)(06),20.83
가지볶음,119.89
가지볶음(05)(06),156.07
가지튀김,44.17
가지튀김(05)(06),273.92
가지튀김(06),112.1
가츠동덮밥(01)(02)(05)(06)(15)(16),792.88
가츠동덮밥(01)(05)(06)(10),779.29
간장계란밥(01),498.3
간장계란밥(01)(02)(05)(06),456.32
간장계란밥(01)(05)(06),516.12
간장깻잎지,0.0
간장불고기덮밥,933.0
간장불고기덮밥(16),654.0
간편식탕류(16),215.0
갈릭버터난(06)(12),171.0
갈비탕,485.02
갈비탕(05)(06)(16),583.33
갈비탕(완),200.0
갈아만든배,40.0
갈치순살튀김(06),346.3
감귤,57.564
감귤 주스(180㎖/병),180.0
감바스필라프(완),520.0
감바스필라프볶음밥,416.0
감자계란국(01),67.19
감자계란국(01)(05)(06),67.8
감자계란국(01)(05)(06)(09),96.08
감자매운조림(05)(06),57.43
감자밥,276.85
감자샐러드(01),73.07
감자수제비(01)(05)(06),166.85
감자수제비(01)(06),308.54
감자수제비(05)(06),224.74
감자수제비국(01)(05)(06),57.54
감자양파찌개(05)(06)(10),136.02
감자어묵조림(05)(06),82.79
감자옹심이국,29.4
감자전(완),390.0
감자전(완)(05),478.0
감자전(완)(05)(06),1.85
감자조림(05)(06),148.99
감자조림(05)(06)(18),124.11
감자조림(18),115.94
감자짜글이(05)(06),69.88
감자짜글이(05)(06)(10),116.7
감자짜글이(05)(06)(10)(13),287.99
감자짜글이(05)(06)(10)(13)(16),289.11
감자짜글이(05)(10),87.39
감자짜글이(05)(10)(13),152.79
감자채볶음,118.87
감자채볶음(16),93.56
감자케찹조림(05)(06)(12),59.35
감자탕(05)(06)(10),335.52
감자탕(05)(10),548.14
감자탕(김치)(05)(06)(10),394.09
감자튀김(05)(12),338.47
갑오징어물회(05)(06)(17)(18),169.74
갑오징어야채무침(05)(06)(17),122.59
갑오징어야채무침(05)(06)(17)(18),134.65
갑오징어야채무침(06)(17),133.72
갑오징어야채무침(17),89.17
갑오징어풋마늘무침M665:갑오징어풋마늘무침대(06),130.08
갓김치,11.52
갓김치(09),33.25
거봉포도,47.61
건빵(개선품)(01)(02)(03),249.0
건빵(야채맛),249.0
건빵(참깨맛),249.0
건새우아욱국(05),45.15
건새우아욱된장국,14.55
건새우아욱된장국(05),40.15
건새우아욱된장국(05)(06),52.97
건새우아욱된장국(05)(09),41.69
검은콩밥,274.13
검은콩밥(05),351.3
게맛살계란국(01)(05)(06),70.63
게맛살냉채,81.42
게맛살마요무침,64.29
게맛살마요무침(01),85.3
게맛살튀김(05)(06),265.36
견과류멸치볶음,186.65
견과류멸치볶음(05),136.07
계란국(01)(05),76.19
계란말이,72.64
계란말이(01),103.0
계란말이(01)(12),57.1
계란볶음밥,200.0
계란볶음밥(01)(05),527.17
계란볶음밥(05)(06)(10)(16),55.0
계란장조림(완제품),148.0
계란조랭이떡국(01)(05)(06)(09)(10)(16),349.01
계란찜(01),107.39
계란찜(01)(05),138.99
계란후라이(01),125.54
계란후라이(계약),88.2
계란후라이(계약)(01),113.34
계란후라이(완)(01)(05),165.0
계란후라이(완제품),88.2
고구마로제찜닭(05)(06)(15),289.42
고구마맛탕(05)(06),320.04
고구마맛탕(완제품)(05),460.0
고구마샐러드,144.61
고구마샐러드(01),197.48
고구마샐러드(완)(01)(02)(05),168.88
고구마샐러드CN19:게맛살과일샐러드대(01),156.45
고구마치즈스틱,1.01
고구마치즈스틱(01)(02)(05)(06),342.0
고구마치즈스틱(02)(05)(06),322.84
고구마튀김(05)(06),359.94
고구마튀김(06),334.14
고기산적,203.4
고기산적(02)(05)(06)(10)(16),340.0
고기산적(10),100.0
고기짜조(01)(05)(06)(10),257.3
고깃집된장찌개(05)(10),106.7
고깃집볶음밥(05)(09)(10),703.64
고깃집볶음밥(05)(10),590.04
고깃집볶음밥(10),636.48
고들빼기무침,0.0
고등어무조림,151.97
고등어무조림(05)(06),132.21
고등어순살강정(05)(06)(07)(12),273.95
고등어순살강정(05)(06)(12),273.95
고등어순살구이(07),110.2
고등어순살조림(05)(06)(07),179.4
고등어유자청구이(05)(06)(07),295.06
고등어카레구이(05)(06)(07),271.15
고등어필렛구이(02)(05)(06)(16),197.46
고로케1(05)(06)(12),263.9
고추바사삭치킨(01)(05)(06)(15),947.8
고추잡채&꽃빵(05)(06)(10),345.93
고추잡채&꽃빵(05)(06)(10)(18),347.28
고추잡채&꽃빵(05)(06)(18),226.15
고추잡채&꽃빵(10)(18),148.36
고추잡채(05)(06)(10),198.95
고추잡채김말이,137.71
고추잡채김말이(05)(06),175.56
고추잡채김말이(05)(06)(13)(16),254.31
고추장더덕무침(완),0.0
고추장수제비(05)(06)(09),198.01
고추장수제비(06)(09),538.44
고추참치김치덮밥,606.81
고추참치덮밥(05)(06),571.54
고추참치덮밥(06),650.09
고추튀김(05)(06)(10),437.75
곤드레밥&양념장(05)(06),292.19
골뱅이소면무침(05)(06),175.34
골뱅이소면무침(05)(06)(17),201.14
골뱅이소면무침(06),322.53
골뱅이야채무침,111.95
골뱅이오징어채무침(06)(17),140.65
골뱅이오징어채볶음(06)(17),169.24
곱창야채볶음(05)(06)(09),182.87
곱창야채볶음(05)(06)(09)(10)(17),456.17
곱창야채볶음(05)(06)(10),591.69
곶감,549.575
과수원복숭아,81.0
과일1(02),116.0
과일2(02),126.0
과일샐러드(01),145.6
과일젤리,225.0
과일푸딩,126.0
광어매운탕,90.93
광어매운탕(05),90.71
광어매운탕(05)(06),107.01
광어매운탕(06),88.34
광어순살튀김(06),157.3
구슬비프스테이크(05)(10)(16),318.67
구운어묵볶음,15.2
구운어묵볶음(05)(06),14.13
국물떡볶이(01)(06),227.38
국물떡볶이(06),415.18
굴국(05)(18),68.73
굴림만두떡국(01)(02)(05)(06)(10)(16),440.64
굴림만두떡국(01)(05)(06)(10)(16),440.64
굴맑은짬뽕(05)(06)(18),65.59
굴미역국(18),34.25
굴영양밥&양념장(05)(06)(18),462.96
굴짬뽕찌개(05)(17)(18),97.74
궁중닭찜(05)(06)(15),282.29
궁중닭찜(15),268.47
궁중떡볶이,248.91
궁중떡볶이(05)(06),114.82
궁중떡볶이(05)(06)(16),273.92
규동덮밥(05)(06)(16),691.04
그린샐러드(01)(02)(05)(12)(17),102.57
그릴소시지구이,260.75
그릴소시지구이(02)(05)(06)(10)(12)(16),233.2
그릴소시지구이(05)(06)(10)(12)(15)(16)(18),196.25
그릴소시지구이(05)(06)(10)(15)(16)(18),195.95
그릴소시지구이(05)(12),349.05
그릴소시지구이(12),196.25
김가루주먹밥,229.84
김가루주먹밥(01)(05)(06),306.28
김말이튀김(05)(06)(13)(16),180.22
김밥,340.8
김밥볶음밥(01)(05)(06)(10)(18),516.69
김자반,10.0
김장김치(12~2월),20.74
김장김치(12~2월)(09),26.85
김치국,24.83
김치덮밥(05)(06)(10),576.28
김치만두국(01),33.92
김치만두국(01)(05)(06)(10),119.99
김치만두국(01)(16),30.92
김치말이국수(01)(02)(05)(06)(10)(15)(16)(18),230.38
김치말이국수(01)(05),156.56
김치말이국수(01)(05)(06),603.62
김치말이국수(01)(05)(06)(10),229.97
김치말이국수(01)(05)(06)(10)(16),465.12
김치메밀전병,27.63
김치메밀전병(03)(05)(06)(10),351.0
김치볶음밥(05)(06)(18),420.44
김치볶음밥(09)(18),392.88
김치볶음밥(18),374.55
김치볶음밥(완)(02)(05)(06)(09)(15)(16)(18),420.34
김치볶음밥(완)(02)(05)(06)(09)(16)(18),389.5
김치알밥(05),615.66
김치알밥(05)(06)(08)(09)(10)(12)(13),253.33
김치알밥(05)(06)(08)(09)(12)(13),217.9
김치알밥(05)(06)(08)(12),471.43
김치알밥(05)(06)(08)(12)(13),230.6
김치어묵우동(01)(05)(06)(07),202.83
김치어묵우동(01)(05)(06)(07)(09),239.88
김치전,27.63
김치찌개(05)(06)(09)(10),71.08
김치찌개(05)(06)(09)(10)(16),98.99
김치찌개(05)(06)(10),150.89
김치찌개(05)(06)(10)(16),79.23
김치찌개(05)(09)(10),72.08
김치찌개(05)(09)(10)(18),132.07
김치찌개(05)(10),57.91
김치찌개(05)(10)(16),96.39
김치찌개(기타)(05)(06)(10),137.16
김치찌개(기타)(06)(10),128.99
김치찐만두(05)(06)(10),164.47
까르보나라떡볶이(05)(06)(10),269.22
까르보나라떡볶이(10),283.11
깍두기(다수공급자),0.0
깍두기(다수공급자)(09),13.3
깍두기(수의계약)(09),13.3
깍두기(완제품)(09),13.3
깍두기(임가공),28.59
깍두기김치볶음밥,382.5
깍두기김치볶음밥(16),500.0
깐계란(01),2500.0
깐쇼새우,26.2
깐쇼새우(01),352.25
깐쇼새우(01)(02)(05)(06)(09)(12),557.84
깐쇼새우(05)(06),25.47
깐쇼새우(05)(06)(09),349.47
깐쇼새우(05)(06)(09)(12),556.13
깐쇼새우(05)(06)(12),348.1
깐풍기,542.51
깐풍기(01)(05)(06)(15),324.82
깐풍기(05)(06)(15),397.77
깐풍새우(05)(06)(09),397.7
깻잎무침(05)(06),31.57
깻잎순무침(05),34.79
깻잎양념무침,32.61
깻잎양념무침(05)(06),46.6
깻잎육전(05)(06),177.63
꼬꼬떡국(01)(02)(05)(15)(16),442.22
꼬꼬떡국(05)(15),268.37
꼬리곰탕,546.51
꼬막비빔밥,422.65
꼬막비빔밥(05)(06),484.32
꼬막비빔밥(05)(06)(18),57.52
꼬치어묵국(05)(06),167.59
꼬치어묵국(05)(06)(09),293.08
꼬치어묵국(06),148.88
꽁치김치조림(05)(06),104.28
꽃게탕(05),54.31
꽃게탕(05)(06),76.59
꽃게탕(05)(08)(09),50.19
꽃게탕(05)(09),121.73
꽃게탕(05)(09)(16),66.25
꽃게탕(05)(18),78.7
꽃게탕(08)(09),42.28
꽃맛살샐러드(01)(08),125.22
꽈리고추멸치볶음,142.54
꽈배기(01)(02)(05)(06),465.84
나가사끼짬뽕(05)(06)(08)(09)(10)(15)(16)(17)(18),510.14
나가사끼짬뽕(05)(06)(08)(10)(15)(16)(17)(18),389.89
나가사끼짬뽕(06)(17),735.14
나가사끼짬뽕(17),240.14
나가사끼짬뽕국(05)(06)(09)(10)(17)(18),168.36
나시고랭볶음밥(완),660.0
나시고랭볶음밥(완)(01)(02)(05)(06)(08)(09)(10)(15)(16)(17)(18),105.0
나시고랭볶음밥(완)(01)(05)(08)(09),200.0
나시고랭새우볶음밥(01)(02)(05)(06)(08)(09)(10)(15)(16)(17)(18),280.0
나주곰탕(01)(02)(05)(06)(15)(16)(18),257.11
나쵸&소스,140.0
낙지덮밥,689.7
낙지볶음,262.51
낙지볶음(05)(06),143.91
낙지볶음(05)(06)(17),212.35
낙지볶음(06),410.17
낙지젓,35.99
낙지젓(17),42.29
날치알계란찜(01),103.09
날치알김가루주먹밥(05),326.99
날치알김치덮밥(05)(08),333.01
날치알김치덮밥(08),2283.41
날치알볶음밥(01)(05)(06),393.99
날치알주먹밥(01)(05)(13),492.65
"남양유업,과수원사과,190ml",46.0
"남양유업,과수원청포도,190ml",84.51
납작만두,27.63
냉모밀,6.77
냉모밀(03),490.05
냉모밀(06),702.67
냉우동(01)(05)(06),545.21
냉이국(05)(06),103.66
냉이된장국(05)(06)(18),38.69
냉이된장국(05)(18),78.2
냉채족발(05)(06)(10)(13),423.7
냉채족발(10)(13),398.12
너비아니(05)(06)(10)(16),256.14
녹두백숙(15),936.0
녹두전,50.28
"농심,카프리썬사과,200ml",60.0
"농심,카프리썬오렌지,200ml",60.0
농후 발효유(02),192.0
누룽지삼계탕,2226.4
누룽지삼계탕(15),585.0
누룽지탕,51.8
뉴욕핫도그(01)(02)(05)(06)(10)(12)(13)(16),1094.11
뉴욕핫도그(01)(02)(05)(06)(10)(12)(15),464.12
뉴욕핫도그(01)(02)(05)(06)(10)(12)(15)(16)(18),469.04
뉴욕핫도그(01)(02)(05)(06)(10)(12)(16),640.15
느타리버섯볶음,58.15
느타리버섯볶음(05),82.46
느타리버섯볶음(05)(06)(16),85.12
느타리버섯볶음(05)(16),90.76
느타리버섯볶음(16),63.84
단감,51.0
단감(상품),51.0
단무지무침,11.16
단무지무침(05)(06),13.49
단무지무침(05)(06)(13),14.93
단무지무침(13),16.05
단호박샐러드,13.86
단호박샐러드(01),77.69
단호박죽,221.49
단호박크림스프(02)(05)(06)(15),156.0
단호박튀김,208.13
단호박튀김(06),205.01
달걀케첩볶음밥(01),452.45
달걀케첩볶음밥(01)(05),523.8
달걀케첩볶음밥(01)(05)(06)(12)(18),562.5
달걀케첩볶음밥(01)(05)(12),505.07
달걀케첩볶음밥(01)(05)(12)(18),434.3
달걀케첩볶음밥(01)(12),555.47
달걀케첩볶음밥(01)(12)(18),566.47
달걀케첩볶음밥(01)(18),317.15
달래된장국(05)(06),71.39
달래무침(05)(06),55.55
달래사과무침,36.98
달콤한베지밀비 190ml,39.5
닭가슴살샐러드(01)(05)(06)(12)(15)(16)(18),399.48
닭가슴살소시지,0.0
닭가슴살소시지(02)(05)(15)(16),84.0
닭가슴살스테이크,272.0
닭가슴살스테이크(05),288.2
닭갈비(02)(05)(06)(15),447.97
닭갈비(05)(06)(15),287.97
닭갈비(05)(06)(15)(16),222.03
닭갈비(15),227.74
닭강정(05)(06)(12)(15),375.44
닭강정(05)(06)(15),3354.97
닭강정(10),670.51
닭강정(완제품)(01)(05)(06)(15),792.11
닭고기김치찜(06)(15),252.54
닭고기김치찜(09)(15)(18),250.88
닭고기김치찜(15),220.17
닭고기덮밥(01)(05)(06)(15),179.76
닭고기덮밥(01)(15),258.03
닭고기매운조림(05)(06)(15),335.23
닭고기부추밥(06)(15),693.23
닭고기오이냉채,122.62
닭고기육개장(01)(05)(06)(15),204.15
닭고기육개장(01)(05)(15),169.78
닭고기육개장(01)(05)(15)(16),235.83
닭고기육개장(01)(15)(16),235.83
닭고기튀김양념(05)(06)(15),594.54
닭곰탕(02)(15)(16),248.8
닭곰탕(15),135.96
닭곰탕(15)(16),224.7
닭꼬치(완),112.5
닭꼬치(완)(05),170.75
닭꼬치(완)(05)(06)(13)(15),336.0
닭꼬치(완)(05)(06)(15),203.2
닭다리스테이크,875.0
닭볶음탕(05)(15),436.46
닭볶음탕(06)(15),352.03
닭볶음탕(15),287.99
닭순살샐러드(01)(12)(15),211.94
닭순살샐러드(01)(15),150.02
닭순살야채볶음(05)(06)(15)(18),142.04
닭스테이크(02)(05)(06)(12)(15)(16),365.5
닭스테이크(12),803.0
닭장각구이,0.0
닭장각구이(15),273.6
닭장각짬뽕탕(05)(06)(09)(18),306.86
닭죽(02)(15)(16),438.15
닭죽(15),490.01
닭죽장각삼계탕(02)(15)(16),463.68
닭칼국수(02)(05)(06)(15)(16),467.99
닭칼국수(05)(06),27.97
닭칼국수(05)(06)(15),167.62
닭칼국수(15),155.27
당면고추장찌개(05)(06)(09)(10),118.49
당면고추장찌개(09)(10),176.18
대구매운탕(05),67.9
대구매운탕(05)(06),102.17
대만샌드위치(01)(02)(05)(06)(10)(15)(16)(18),365.2
대만식샌드위치(완)(01)(02)(05)(06)(10)(15)(16)(18),218.4
대왕오징어튀김(01)(06),210.48
대왕오징어튀김(06),234.76
대추방울토마토(비생산기)(12),8.5
대추방울토마토(생산기)(12),12.75
대패삼겹김치파스타(05)(06)(10)(18),748.2
대패삼겹살볶음(05)(06)(10)(18),369.83
대패삼겹살소시지구이(02)(05)(06)(10)(12)(16),713.8
대패삼겹살소시지구이(05)(10),577.4
대패삼겹살소시지구이(10),604.09
더블치즈스테이크버거(01)(02)(12),172.54
데리야끼갈릭치킨(02)(05)(06)(12)(15)(16)(18),544.23
데리야끼갈릭치킨(05)(06)(15),490.23
데리야끼갈릭치킨(06)(15),485.25
데리야끼삼겹살덮밥(05)(06)(10),808.21
데리야끼삼겹살덮밥(10),859.77
데리야끼장어덮밥(05)(06),398.93
도가니탕(완),273.6
도토리냉국,31.06
도토리묵&양념장(05)(06),29.04
도토리묵국(01)(05)(06),95.62
도토리묵국(01)(05)(06)(09),71.84
도토리묵무침,46.66
도토리묵사발(01),71.62
돈가스,414.06
돈가스(01)(05)(06)(10),756.5
돈가스(01)(05)(06)(10)(12)(16)(18),732.5
돈가스(05)(06)(10),487.9
돈가스(06)(10),414.06
돈마호크(02)(05)(10)(12),416.83
돈마호크(05)(10)(12),292.38
돈육굴소스양배추볶음(10),164.07
돈육연탄불고기 (05)(06)(10),215.41
돈육연탄불고기(05)(06)(10),215.41
돈코츠라멘(01),625.77
돈코츠라멘(01)(02)(05)(06)(10),479.68
돈코츠라멘(01)(05)(06)(10),1016.45
돈코츠라멘(01)(05)(06)(10)(16),829.45
돈코츠라멘(05)(06)(10),223.09
돈코츠라멘(05)(10),135.9
돈파육(05)(06)(10),415.97
동그랑땡,280.25
동그랑땡(01)(05)(06)(10)(12),368.6
동그랑땡(05)(06)(10)(12),225.85
동그랑땡(12),401.44
동그랑땡(완제품),11.5
동그랑땡(완제품)(01)(05)(06)(10)(12),204.1
동태전(완제품)(01)(05)(06),175.0
동파육(18),275.9
돼지갈비찜,16.53
돼지갈비찜(05)(06)(10),367.45
돼지고기가지볶음(05)(06)(10),161.21
돼지고기감자조림(05)(06)(10),341.93
돼지고기고추장찌개(05)(06)(10),124.86
돼지고기김치볶음(05)(10),154.65
돼지고기김치볶음(06)(10),261.28
돼지고기김치볶음(09)(10)(18),233.22
돼지고기김치볶음(10),216.57
돼지고기김치볶음O564:쇠고기(캔)야채조림대(06)(10),260.56
돼지고기덮밥(05)(06)(10)(18),589.47
돼지고기덮밥(10)(18),607.3
돼지고기덮밥(부타동)(01)(05)(06)(10)(12),796.21
돼지고기덮밥(부타동)(01)(05)(06)(10)(12)(15)(18),778.18
돼지고기부추덮밥(05)(06)(10),742.64
돼지고기부추볶음(05)(06)(10),355.81
돼지고기수육(05)(06)(09)(10),773.31
돼지고기수육(05)(09)(10),832.1
돼지고기수육(09)(10),762.31
돼지고기애호박찌개(10),110.32
돼지고기양장피볶음(05)(06)(10),236.78
돼지고기양장피볶음(10),140.89
돼지고기장조림(01)(10),395.0
돼지고기장조림(10),190.0
돼지고기청경채볶음(05)(06)(10),321.15
돼지고기청경채볶음(10),257.96
돼지고기케첩볶음(05)(06)(10)(12),293.26
돼지고기콩나물볶음(05)(06)(10),241.56
돼지고기콩나물볶음(05)(06)(10)(18),313.76
돼지고기콩나물볶음(05)(10)(18),244.01
돼지국밥(완),300.0
돼지국밥(완)(05)(06)(10),641.61
돼지국밥(완)(10),713.26
돼지국밥(완)(10)(16),792.26
돼지불고기(05)(06),61.47
돼지불고기(05)(06)(10),397.15
돼지불고기(05)(10),281.83
돼지불고기(10),389.06
돼지파채불고기(05)(06)(10),551.34
돼지훈제,44.9
돼지훈제(01)(02)(05)(10),551.82
돼지훈제(05)(06),21.45
된장국(일품용)(05),21.45
된장국(일품용)(05)(06),29.96
두부간장볶음(05)(06),78.57
두부고추장찌개(05)(06)(10),152.39
두부구이(05)(06)(18),173.15
두부김치(05)(06)(09)(10)(18),293.95
두부김치(05)(06)(10),306.7
두부김치(05)(10),295.55
두부맑은국(01)(05),51.54
두부매운조림(05),98.4
두부매운조림(05)(06),109.75
두부양념장(05)(06),89.32
두부조림(05)(06),270.82
두부조림(05)(06)(18),163.3
두부조림(05)(18),160.87
두부케첩조림(05)(06),126.68
두부케첩조림(05)(06)(12),120.84
두유 검은콩,86.0
두유(3사교),140.0
"두유음료, 삼육두유 검은콩호두&아몬드 파우치190ml",
들기름막국수(02)(03)(05)(06),889.36
들기름막국수(02)(05)(06),536.04
들기름막국수(03)(05)(06),331.44
들깨미역국,21.5
들깨미역국(05),45.45
들깨미역국(05)(06),20.28
들깨오리탕,456.32
들깨오리탕(05)(06),371.75
등뼈감자탕(05)(06)(09)(10),392.2
딸기(1월~2월),43.2
"딸기,신선형(딸기(34월))",36.0
땅콩조림(완)(04),43.43
떠먹는 토핑형 발효유,
떠먹는 토핑형 발효유(02),165.0
떡갈비(10),286.0
떡갈비구이(05)(06)(12),9.74
떡갈비스테이크,183.95
떡갈비스테이크(12),198.88
떡갈비조림,0.0
떡만둣국(01),340.86
떡만둣국(01)(05)(06)(10),629.06
떡볶이(01)(05)(06),323.24
떡볶이(05)(06),292.29
떡산적,82.88
라구파스타(02)(05)(06)(10)(15)(16),137.43
라구파스타(02)(05)(10)(15)(16),635.63
라면(즉석 컵)(06),730.0
랍스터볶음밥(완)(01)(02)(05)(06)(08)(09)(15)(16),778.0
랍스터치즈버터구이(01)(02)(05)(06)(09)(16),226.62
레몬에이드,26.0
로제떡볶이(02)(05)(06)(10),317.55
로제스파게티(05)(10),778.93
로제짬뽕(05)(06)(08)(09)(17)(18),266.27
로제파스타(05)(09)(10),270.69
리코타치즈샐러드(01)(02)(05)(12)(16),104.61
리코타치즈샐러드(02),38.71
리코타치즈샐러드(02)(12),40.41
마늘바게트,3.6
마늘보쌈(05)(06)(09)(15),359.46
마늘보쌈(09),238.71
마늘종멸치볶음(05)(06),128.67
마늘종무침,29.5
마늘쫑고추장무침,49.26
마늘쫑무침(완)(05)(06)(18),37.24
마라제육볶음(05)(06)(10),431.83
마라탕(05)(06)(08)(09)(10)(16),302.12
마라탕(05)(06)(08)(10)(16),454.67
"마시는 발효유,부대계약",
마요오징어실채무침(01)(05)(06),456.1
마요오징어실채무침(01)(05)(06)(17),91.72
마제소바덮밥(01)(04)(05)(06)(07)(10)(18),732.96
마제소바덮밥(01)(04)(05)(06)(10)(18),311.02
마제소바덮밥(01)(05)(06)(10)(18),333.28
마제소바덮밥(04)(05)(06)(07)(10)(18),583.16
마카로니샐러드,170.4
마카로니후르츠샐러드,131.45
마카롱,
마커니커리라이스(02)(06)(12)(15),699.54
마커니커리라이스(06)(12)(15),731.58
마크니커리덮밥(02)(06)(12)(15),651.23
마파두부(05),147.11
마파두부(05)(06),214.34
마파두부(05)(06)(10),314.3
만다린오렌지샐러드,52.2
만두유린기(01)(05)(06)(10),237.53
만두유린기(05)(06)(10),327.12
만두유린기(05)(06)(10)(16),623.63
만두육개장(01)(05)(06)(10),288.73
만두튀김(01)(05)(06)(10),403.41
만두튀김(05)(06)(10)(16),729.07
만두튀김(05)(06)(10)(16)(18),156.32
맑은순두부계란탕(01)(05)(09),67.02
맑은어묵탕(05)(06),65.19
맑은오징어볶음(05)(06)(17),153.33
맑은콩나물국(05),19.69
맛김,5.25
맛있는 두유GT 달콤한맛,130.0
맛있는 두유GT 담백한맛,58.0
망고샐러드,80.58
망고샐러드(01),58.28
매쉬포테이토,57.66
매실피클,63.6
매운돼지갈비찜(05)(06)(10),439.59
매운돼지갈비찜(06)(10),469.57
매운돼지갈비찜(10),355.69
매운소갈비찜,653.53
매운소갈비찜(05)(06),510.52
매운소시지떡볶음(10)(12),246.65
매운족발볶음(05)(06)(10),428.25
매운족발볶음(05)(06)(10)(13),467.01
매운족발볶음(10)(13),425.83
매운쭈꾸미볶음(05)(06),199.38
매일두유 초콜릿 190ml,150.0
"매일유업,썬업파인애플,200ml",95.0
"매일유업,피크닉청포도,200ml",75.0
매콤오징어실채무침(17),92.4
맥모닝버거 (01)(02)(05)(06)(10)(12)(15)(16),433.3
맥모닝버거 (01)(02)(05)(06)(10)(12)(15)(16)(18),436.0
맥모닝버거 (01)(10),407.85
머쉬룸크림스프(02)(05)(06)(15),35.0
머쉬룸크림스프(02)(06),85.0
머쉬룸크림스프(완)(02)(05)(06)(15),52.0
메론(봄 가을),90.0
메론(봄 가을) 가을),90.0
메밀소바(01)(03)(05)(06)(07),1113.41
메밀소바(02)(03)(05)(06),108.14
메밀소바(02)(05)(06),697.2
메밀소바(05),411.95
메추리알장조림(완)(01),300.54
메추리알장조림(완)(01)(05)(06),355.0
멕시칸샐러드(01)(10),162.57
멘보샤(05)(06)(09)(12),294.1
멘보샤(06)(09),191.5
멘보샤(06)(09)(12),462.1
멜론(여름),72.0
멸치볶음,72.47
명동칼국수(05)(06)(10)(16),435.36
명란계란찜(01),72.42
명란마요아보카도덮밥(01)(05),616.36
명란순두부탕(01)(05)(09),136.8
명란젓,41.11
명이나물절임(05)(06),17.5
명태매운탕(05),89.97
명태매운탕(05)(06),91.31
명태무찌개(05)(06),102.12
명태회냉면(01)(02)(05)(06)(10)(16),993.34
명태회무침,15.67
모닝빵&딸기잼,86.06
모듬과일샐러드,53.96
모듬과일샐러드(01),54.31
모듬버섯볶음(05)(06),58.54
모듬소시지구이(01)(05),88.5
모듬쌈,10.46
모듬쌈&우렁쌈장(05)(06)(18),96.72
모듬쌈(05)(06),43.51
모듬야채&쌈장,33.3
모듬야채&쌈장(05),30.45
모듬야채&쌈장(05)(06),43.76
모듬야채&쌈장(05)(06)(18),42.87
모듬야채(05)(06),74.21
모듬어묵조림(05)(06),165.15
모듬어묵조림(05)(06)(18),184.2
모듬피클,73.6
모듬해초샐러드,20.27
목살필라프(01)(05)(06)(10)(15)(18),700.28
목살필라프(01)(05)(06)(10)(18),675.4
목화솜탕수육(05)(06)(10),606.44
몽블랑(01)(02)(05)(06)(10),692.4
무&비트피클(완),30.0
무나물,58.69
무나물M531:무생채대,58.69
무나물M582:오이무침대,58.69
무말랭이무침(완),42.0
무뼈닭발(02),290.5
무생채,36.39
무생채(05)(06),41.05
무청시래기국(05),64.14
무초절이,52.66
묵김가루무침(05)(06),11.43
문어굴국(05)(09)(17)(18),146.6
물냉면(01),96.67
물냉면(01)(02)(05)(06)(10)(16),2960.81
물냉면(01)(03)(06),997.25
물냉면(01)(06),604.26
물냉면vs비빔냉면(01)(02)(03)(05)(06)(10)(13)(16),711.48
물냉면vs비빔냉면(01)(02)(03)(05)(06)(13)(15)(16)(18),465.88
물냉면vs비빔냉면(02)(03)(05)(06)(10)(16),925.07
물냉면vs비빔냉면(02)(05)(06)(10)(16),927.07
물만두(01)(06)(10),113.6
미나리고추장무침(06),31.58
미나리나물(05),23.92
미나리콩나물무침(05),43.52
미니우동(01)(05)(06),524.1
미니우동(01)(06),177.5
미니핫도그,110.51
미역오이냉국,26.21
미트볼스파게티(01)(02)(05)(06)(10)(12)(15)(16),1056.75
미트볼스파게티(02)(05)(06)(10)(12)(16),633.15
미트볼스파게티(05)(06)(10)(12),247.15
미트볼양념조림(01)(05)(06)(10),459.02
미트볼케찹조림(01)(05)(06)(10)(12),227.43
미트볼케찹조림(06)(10)(12),215.02
미트볼토마토스파게티(01)(02)(05)(06)(10)(15),1463.46
민어매운탕(09),67.18
바게트,0.0
바나나,76.8
바베큐볶음밥,0.0
바베큐폭립,366.4
바베큐폭립(05),434.3
바베큐폭립(05)(10)(12),384.0
바베큐폭립(10)(12),637.64
바지락비빔밥(05)(06),447.2
바지락순두부찌개(01)(05),58.37
바지락순두부찌개(01)(05)(17),77.76
반건조고구마,218.4
반미샌드위치(01)(05)(06)(10),635.21
밥,363.0
밥(소),122.5
밥바,350.0
밥싸먹는햄,0.0
방어순살튀김(01)(06),243.83
방어순살튀김(02)(05)(06)(16),74.81
방어순살튀김(05)(06),322.53
방울토마토(비생산기)(12),14.256
배(신고),34.03
배추겉절이,15.0
배추김치(10~11월),25.49
배추김치(3~4월),9.25
배추김치(5~6월),21.68
배추김치(7~9월),8.25
배추김치(다수공급자),0.0
배추김치(다수공급자)(09)(18),14.06
배추된장국,24.56
배추된장국(05),51.78
배추된장국(05)(06),46.35
배추된장국(05)(06)(09),74.89
배추된장국(05)(06)(09)(16),57.57
배추된장국(05)(16),48.73
배추된장국(09),29.89
배추된장국(09)(16),24.36
배추쌈(05)(06),52.11
백김치,15.12
백김치(09),14.7
버섯강정(01)(05)(06)(12),411.62
버섯강정(01)(06)(12),426.58
버섯된장찌개(05)(06),75.39
버섯쇠고기찌개(05)(16),56.76
버섯탕수(01)(06),362.79
버섯호박볶음(05)(06)(09),124.27
버섯호박볶음(05)(06)(09)(16),139.44
버터(02),76.1
버터간장계란밥(01)(05)(06),534.05
버팔로봉(05)(15),400.0
버팔로윙(05)(06)(15),510.3
버팔로윙(05)(15),660.0
버팔로윙(완)(05)(06)(15),238.68
벌집감자구이(튀김)(05)(12),227.3
벌집양념갈비(10),460.14
베이글&대파크림치즈(01)(02)(05)(06),840.0
베이글&대파크림치즈(01)(02)(06),560.0
베이글(01)(02)(05)(06),1032.47
베이글(01)(02)(06),686.0
베이컨감자채볶음,81.79
베이컨감자채볶음(05)(10),244.04
베이컨감자채볶음(10),172.99
베이컨계란찜(01),71.89
베이컨계란찜(01)(10),147.89
베이컨구이,0.0
베이컨구이(02)(05)(10),29.0
베이컨구이(10),60.8
베이컨구이(10)(13),60.8
베이컨김치볶음,56.55
베이컨김치볶음(10),237.7
베이컨김치볶음밥(05)(06),458.72
베이컨김치볶음밥(05)(06)(09)(10)(12)(16)(18),490.15
베이컨김치볶음밥(05)(06)(09)(18),444.32
베이컨김치볶음밥(05)(06)(10)(12)(16)(18),487.65
베이컨김치볶음밥(05)(06)(10)(18),617.84
베이컨김치볶음밥(05)(06)(18),419.79
베이컨김치볶음밥(05)(10)(18),489.86
베이컨김치볶음밥(05)(18),560.76
베이컨김치볶음밥(10),539.55
베이컨김치볶음밥(10)(18),543.6
베이컨김치볶음밥(18),400.49
베이컨리조또(02)(05)(06)(10)(15),608.56
베이컨스크램블덮밥(01)(05)(06)(10)(12)(16)(18),562.17
베이컨스크램블덮밥(01)(05)(06)(18),561.27
베이컨스크램블에그(01),122.07
베이컨시금치볶음(10),198.83
베이컨시금치볶음(10)(18),198.69
베이컨야채볶음,65.92
베이컨야채볶음(05)(06),68.13
베이컨야채볶음(05)(06)(10),153.03
베이컨야채볶음(10),278.72
베이컨조랭이떡볶음(05)(06)(10)(18),359.77
베이컨조랭이떡볶음(05)(06)(18),94.87
베이컨조랭이떡볶음(06)(10),262.69
베이컨조랭이떡볶음(06)(10)(18),265.39
베이컨조랭이떡볶음(06)(18),92.24
베이컨청경채볶음,9.1
베이컨청경채볶음(10),184.71
베이컨크림스파게티(06),203.09
베이컨크림스파게티(10),90.03
병천순대국밥(05)(06)(10)(16),971.96
보리밥&고추장(1/2),211.35
보쌈&족발(09)(10),653.14
보쌈김치,72.0
복숭아(천도)(11),75.44
복숭아봉봉,81.0
볶음밥(05)(06),502.32
볶음밥(05)(06)(10),594.46
볶음밥(05)(06)(16),534.37
볶음밥(12)(16),501.73
볶음밥(16),495.68
볶음짬뽕(01)(05)(06)(10)(15)(16)(17)(18),496.82
볶음짬뽕(01)(05)(06)(10)(16)(17)(18),535.88
볶음짬뽕(05)(06)(10)(16)(17)(18),571.68
볼로네제스파게티(02)(05)(06)(10)(12),678.18
볼어묵볶음(05)(06)(08)(09)(17),148.58
볼카츠덮밥(01)(05)(06)(10),133.12
부대찌개(완),475.0
부추겉절이,25.75
부추겉절이(05)(06),26.71
북경식탕수육 (05)(06)(10),616.4
북어들깨미역국,75.71
북어들깨미역국(05),33.7
북어채국(01)(05)(09),85.0
분모자떡볶이(01),173.1
분모자떡볶이(01)(05)(06)(10),332.98
분모자떡볶이(05)(06),134.04
분모자떡볶이(05)(06)(09)(10),266.65
분모자떡볶이(05)(06)(10),232.89
불고기버거(01)(06)(10)(12),833.01
불고기버거(01)(06)(10)(12)(16),620.81
불고기버거(01)(06)(12),562.36
불고기버거(01)(12),523.11
불고기버거(05)(06),647.39
불고기버거(05)(06)(10)(16),612.29
불고기버거(06)(10)(16),617.03
불고기볶음밥(02)(05)(06)(15)(16)(18),642.68
불고기볶음밥(완)(02)(05)(06)(15)(16)(18),704.0
불고기볶음밥(완)(05)(06)(13)(16),812.5
불고기브리또,216.0
불고기비빔밥(05)(06),964.08
불고기비빔밥(05)(06)(10)(18),995.58
불고기비빔밥(05)(06)(18),1270.28
불고기새우버거(01)(02)(05)(06)(09)(10)(16),688.4
불고기새우버거(01)(02)(05)(06)(10)(12)(15)(16)(18),938.34
불고기새우버거(01)(02)(05)(06)(10)(12)(16),833.44
불고기치아바타샌드위치,601.55
불고기포케(05)(06)(10)(12)(18),720.33
불고기포케(05)(06)(10)(18),713.23
불고기포케(05)(06)(18),354.73
불고기핫도그(01)(02)(05)(06)(10)(12),662.93
불고기핫도그(01)(02)(05)(06)(12),398.23
불닭덮밥(01)(02)(05)(06)(15)(16),734.28
불닭덮밥(01)(05)(06)(15),595.89
불닭덮밥(05)(06)(15),681.94
불닭마요주먹밥,570.0
불닭마요주먹밥(01)(02)(05)(06)(13)(15)(16)(18),355.0
불막창야채볶음(05)(06),401.4
붉은대게살장비빔밥(05),400.11
브라운브레드(01)(02)(05)(06),314.22
브라운브레드(02)(05)(06)(12),375.62
브라운브레드(06),509.9
브라운브레드(06)(12),467.95
브로콜리&초고추장,28.75
브로콜리&초고추장(17),45.86
브로콜리/초고추장(06),54.96
브로콜리/초고추장(06)(17),74.8
브로콜리/초고추장M584:오이부추무침대(06),72.53
브로콜리새우살볶음(09),103.35
브로콜리초고추장,26.03
브로콜리초고추장(06),48.73
브로콜리치즈스프(02)(06),66.01
브로콜리치즈스프(완)(02)(06),80.0
브리또,0.0
브리또(01)(02)(05)(06)(16),216.0
브리오슈핫도그(01)(02)(05)(06)(12),617.61
블랙타이거새우구이,0.0
블루베리베이글&크림치즈(02)(05)(06),609.8
블루베리야채샐러드(01)(05),58.55
블루베리잼,0.0
비빔국수(05)(06),285.15
비빔국수(05)(06)(09),402.46
비빔국수(06),251.41
비빔냉면(01)(03)(06),1021.74
비빔냉면(01)(06),106.85
비빔당면(05)(06),169.25
비빔막국수(03)(05)(06),596.64
비빔만두,180.29
비빔만두(05),531.05
비빔만두(05)(06)(10),492.98
비빔만두(05)(06)(10)(16)(18),496.08
비빔밥(01)(05),533.04
비빔밥(05),544.4
비빔밥(05)(06),607.7
비빔밥(05)(06)(07)(09)(18),529.83
비빔밥(05)(06)(16),778.2
비빔쫄면(01)(05),178.9
비빔쫄면(01)(05)(06),117.58
비빔쫄면(05)(18),127.44
비엔나소시지강정(05)(06)(10)(12),624.65
비엔나소시지야채볶음(05)(06)(10),333.55
비엔나소시지케찹볶음,68.37
비엔나소시지케찹볶음(05)(06)(10),288.53
비엔나소시지케찹볶음(05)(06)(10)(12),371.1
비엔나소시지케찹볶음(05)(06)(12),69.12
비엔나소시지케찹볶음(10),338.37
비엔나소시지케찹볶음(10)(12),375.11
비엔나소시지케찹볶음(12),68.67
비타민음료,90.0
뼈없는감자탕,0.0
뿌리채소닭순살조림(05)(06)(15),236.72
사각어묵야채볶음,18.35
사각어묵야채볶음(05)(06),91.82
사골곰탕,158.49
사골곰탕(05)(06)(16),277.29
사골곰탕(05)(09),90.78
사골떡만둣국(01),652.41
사골떡만둣국(01)(05)(06)(10)(16),617.67
사골떡만둣국(01)(06)(10),840.63
사골만두곰탕(06)(10),341.41
사골우거지국(완),1.41
사골우거지국(완)(02)(05)(06)(15)(16)(18),300.84
사골우거지국(완)(02)(05)(06)(16),210.84
사골우거지국(완)(05)(16),966.71
사골우거지국(완)(16),471.41
사과(홍로),35.424
사과(후지),42.63
사이다,97.5
사인머스켓,45.0
사천식잡채덮밥(10)(18),548.61
삶은계란(01),70.28
삼겹김치찌개(05)(06)(10),144.87
삼겹김치찌개(06)(10),93.28
삼겹살구이(05)(06)(10),913.07
삼겹살구이(05)(10),650.37
삼겹살구이(10),547.79
삼겹살구이GN78:갈비탕대,1482.84
삼겹살마요덮밥(01),285.43
삼겹살마요덮밥(01)(05)(06),230.77
삼계탕(15),595.99
삼계탕(완)(02)(05)(06)(15)(16),1.41
삼색감자옹심이국(01),34.74
삼치순살튀김(01)(05)(06),299.06
삼치순살튀김(05)(06),295.35
삼치순살튀김(06),176.45
상추겉절이(05)(06),55.14
상추쌈,6.51
상추쌈(05)(06),35.95
상하이파스타(05)(09)(17)(18),131.43
새송이버섯야채볶음(05)(06)(10),264.18
새송이버섯야채볶음(10),245.77
새알심팥칼국수,506.4
"새우,계란초밥(01)(05)(06)(09)",336.95
새우가스(01),159.41
새우가스(01)(05)(06)(09),596.83
새우가스(05)(06)(09),591.83
새우버거(01)(05)(06)(12),509.65
새우버거(01)(06)(09)(12),924.88
새우버거(01)(12),508.19
새우버거(06),425.28
새우볶음밥&짜장(01)(02)(05)(06)(09)(10)(15)(16)(18),318.0
새우볶음밥&짜장(02)(10),210.45
새우볶음밥(09),444.47
새우볶음밥(완),0.0
새우볼,110.51
새우볼(05)(06)(09),155.17
새우볼(05)(06)(09)(12),141.37
새우살야채죽(01)(05)(09)(10),437.68
새우살야채죽(01)(09),423.0
새우순두부계란탕(01)(05)(09),78.78
새우순두부계란탕(01)(05)(09)(18),100.38
새우순두부계란탕(01)(09),72.54
새우완탕(01)(05)(06)(09)(18),690.25
새우튀김(01)(05)(09),404.96
새우튀김(01)(09),255.43
새우튀김(05),247.0
샐러드모닝빵(01)(02)(05)(06),708.75
샐러드모닝빵(01)(02)(05)(06)(10),772.8
샐러드파스타(05)(06)(13),73.71
생선가스,167.5
생선가스&타르타르소스(01)(06),443.97
생선가스(01),154.35
생선가스(01)(05)(06),347.5
생선가스(01)(06),412.92
생선묵국(05)(06),60.76
생선묵볶음(05)(06),196.33
생선묵야채볶음(05)(06),173.93
생우동,6.31
생우동(01),76.4
생우동(01)(05)(06),474.55
생우동(01)(05)(06)(07)(08)(12),280.35
생우동(01)(05)(06)(08),703.0
생우동(01)(05)(06)(09),600.2
생우동(01)(06),923.4
생우동(06),818.31
생크림크로와상,210.0
석박지,6.3
설렁탕(완),1603.76
설렁탕(완)(01)(02)(05)(16),676.31
설렁탕(완)(01)(05)(16),508.51
설렁탕(완)(01)(16),297.98
설렁탕(완)(02)(05)(06)(10)(16),452.41
설렁탕(완)(02)(05)(16),353.53
설렁탕(완)(06),1571.48
셀프유부초밥(01)(05)(06)(10),421.54
셀프참치주먹밥(05),460.16
셀프충무김밥(05)(06)(17),572.6
소갈비찜,0.0
소금빵(01)(02)(05)(06),472.67
소금빵(01)(02)(06),395.0
소떡소떡,39.0
소떡소떡(05),385.55
소떡소떡(05)(06)(10)(15),501.0
소떡소떡(05)(06)(12),206.0
소떡소떡(06)(10)(13),614.11
소바바치킨(05)(06)(15),435.0
소불고기(06)(16),224.22
소불고기구운주먹밥(16),380.0
소불고기덮밥(05)(06)(16),622.35
소불고기덮밥소스,0.0
소불고기덮밥소스(05)(06)(16),668.0
소불고기비빔밥(05)(06)(16),643.3
소시지부대찌개(완),380.0
소시지야채볶음(05)(06)(10),164.81
소시지야채볶음(10),277.97
소양념갈비,730.0
쇠고기(캔)야채조림,129.53
쇠고기가지볶음(05)(06)(16),54.24
쇠고기감자국(05),29.34
쇠고기감자국(05)(06)(09),87.13
쇠고기감자국(05)(06)(09)(16),99.73
쇠고기감자국(05)(16),53.43
쇠고기감자국(09)(16),46.75
쇠고기감자국(16),70.5
쇠고기감자조림(05)(06)(16),73.85
쇠고기국밥(05)(16),432.21
쇠고기꽈리고추조림(05)(06)(16),102.15
쇠고기당면국(05),21.95
쇠고기당면국(05)(06),66.36
쇠고기당면국(05)(06)(16),74.4
쇠고기당면국(05)(16),44.97
쇠고기당면국(16),64.53
쇠고기덮밥(01)(05)(06)(16),669.18
쇠고기덮밥(01)(05)(06)(16)(18),676.0
쇠고기덮밥(01)(05)(06)(18),559.06
쇠고기덮밥(01)(16)(18),673.37
쇠고기덮밥(05)(06)(16),546.92
쇠고기무국(05),18.66
쇠고기무국(05)(06),55.82
쇠고기무국(05)(06)(16),55.45
쇠고기무국(05)(16),40.42
쇠고기무국(16),55.69
쇠고기미역국,37.28
쇠고기미역국(05),14.12
쇠고기미역국(05)(06),53.17
쇠고기미역국(05)(06)(16),42.87
쇠고기미역국(05)(16),33.03
쇠고기미역국(16),39.53
쇠고기버섯볶음(05)(06)(16),178.79
쇠고기볶음밥(05)(06)(16),580.05
쇠고기불고기(05)(06),96.38
쇠고기불고기(05)(06)(16),177.58
쇠고기불고기(05)(16),392.48
쇠고기불고기(06)(16),224.22
쇠고기불고기(16),244.35
쇠고기야채볶음(05)(06),121.84
쇠고기야채죽,388.06
쇠고기야채죽(05)(06)(16),452.51
쇠고기우엉잡채(05)(06)(16),138.12
쇠고기육개장(01)(05)(06),39.17
쇠고기육개장(01)(05)(06)(16),64.18
쇠고기육개장(01)(05)(16),94.37
쇠고기육전(01)(05)(06)(16),141.0
쇠고기장조림,123.45
쇠고기장조림(05)(06),27.64
쇠고기콩나물밥&부추양념장(05)(06),376.03
쇠고기콩나물밥&부추양념장(05)(06)(16),321.43
쇠고기파프리카볶음(05)(06)(16),221.3
쇠고기팽이버섯떡볶음,43.16
쇠고기팽이버섯떡볶음(05)(06),246.63
쇠고기팽이버섯떡볶음(05)(06)(16),154.1
쇠고기팽이버섯볶음(05)(06)(16),233.51
쇠고기해장국(완),662.4
수박,88.32
수수부꾸미(05)(06),265.2
수육&비빔국수(01)(05)(06)(10),685.95
수제비만두전골(05)(06)(09)(16),271.06
순대,145.08
순대(05)(06)(10),127.3
순대국,62.91
순대국(05)(06),298.79
순대국(05)(06)(09)(10)(16),302.74
순대국(05)(06)(10)(16),479.95
순대국(10),307.12
순대국(16),424.63
순대야채볶음,200.61
순대야채볶음(05),239.34
순대야채볶음(05)(06),220.4
순대야채볶음(05)(06)(10),271.14
순대튀김(완)(02)(05)(06)(10)(12)(16)(18),350.0
순두부계란찜(01)(05),94.6
순두부계란찜(01)(05)(09),114.77
순두부양념장(05),52.74
순두부양념장(05)(06),72.94
순두부찌개(01)(05)(06)(10),98.8
순두부찌개(01)(05)(06)(10)(16)(18),103.12
순두부찌개(01)(05)(06)(10)(18),106.98
순두부찌개(01)(05)(10),80.89
순두부찌개(01)(05)(10)(18),98.3
순살치킨(05),650.0
숯불돼지LA갈비,242.78
숯불바베큐치킨,0.0
스마일감자튀김/케첩(05),221.5
스마일감자튀김/케첩(05)(12),296.5
스위트번,85.5
스위트번(01),656.94
스위트번(01)(02),706.12
스위트번(01)(02)(05)(06)(10),787.04
스쿨치밥(01),655.38
스쿨치밥(01)(05),881.54
스쿨치밥(01)(05)(06)(12),619.29
스쿨치밥(01)(05)(06)(12)(15),849.29
스쿨치밥(01)(05)(06)(15),588.88
스크램블에그(01),157.51
스크램블에그(01)(02)(12),255.19
스크램블에그(01)(05),147.59
스크램블에그(01)(05)(06),117.43
스크램블에그(01)(05)(06)(10)(12),212.01
스크램블에그(01)(05)(06)(12),154.02
스크램블에그(01)(05)(12),142.84
스크램블에그(01)(12),162.1
스테이크버거(01)(02)(05)(06),494.78
스테이크버거(01)(02)(05)(06)(10)(12)(15)(16),715.37
스테이크버거(01)(02)(05)(06)(10)(15)(16),473.15
스파게티,689.25
스파게티(01)(02)(05)(06)(10)(12)(15)(16),276.53
스파게티(02)(09),185.85
스파게티(05),56.53
스파게티(05)(09)(17),341.78
스파게티(05)(12),272.53
스파게티(06)(09)(12),833.47
스파게티(06)(09)(12)(17),933.7
스파게티(06)(09)(17),681.4
스파게티(06)(12),821.77
스파게티(06)(12)(17),922.3
스파게티(09),35.85
스파이시안심텐더(01)(05)(06)(15),448.9
스팸구이(10)(12)(13),414.05
스팸구이(10)(13),277.75
스팸마요덮밥(01)(05)(06)(10),605.31
스팸마요덮밥(01)(05)(06)(10)(13),656.77
스팸마요덮밥(01)(05)(06)(10)(15)(18),597.88
스팸마요덮밥(01)(05)(10),609.68
스팸마요덮밥(01)(10)(13),787.34
스프링롤(09),144.0
시금치고추장무침(05)(06),77.17
시금치고추장무침(06),58.35
시금치고추장무침M582:오이무침대(05)(06),60.83
시금치된장국,28.4
시금치된장국(05),55.35
시금치된장국(05)(06),62.44
시금치된장국(16),30.65
시금치된장무침(05),31.95
시금치된장무침(05)(06),45.81
시금치맛살무침(01)(12),120.91
시금치무침,18.06
시금치무침(05),24.04
시금치무침(05)(06),22.93
시금치무침(16),20.31
시래기감자탕(완),259.99
시래기감자탕(완)(02)(05)(06)(10)(12)(15)(16)(18),299.0
시래기들깨된장국(05)(06)(09),61.97
시래기들깨된장국(09),39.53
시저샐러드(01)(02)(05)(10)(12),135.96
시저샐러드(01)(02)(05)(10)(17),151.7
시저샐러드(01)(02)(05)(12)(17),123.85
시저샐러드(01)(02)(10)(12),175.76
시저샐러드(01)(10),155.72
시저샐러드(02)(05)(10)(12),128.49
식혜,190.0
신선형(딸기(34월)),36.0
신선형(방울토마토(58월))(12),16.83
신선형(찰옥수수(79월)),157.62
신선형(참외(78월)),38.0
신선형(포도(811월)),31.74
신전st떡볶이(05)(06),158.69
싸이버거(01)(02)(05)(06)(12)(13)(16),1187.39
싸이버거(01)(02)(05)(06)(12)(16),1220.34
싸이버거(01)(02)(05)(06)(16),1190.6
싸이버거(02)(06),854.39
싸이버거(06)(10),1022.06
쌀국수,277.15
쌀국수(05)(06)(08)(16)(18),366.59
쌀국수(16),329.38
쌈무,5.0
쌈무(13),5.0
쌈무무침(05)(06),0.93
쌈무무침(05)(06)(13),8.34
쑥갓어묵국,11.81
쑥갓어묵국(05)(06),69.27
쑥갓어묵국(05)(06)(08)(09),94.29
쑥갓어묵국(05)(06)(09),68.39
씨앗호떡(06),406.0
아귀순살콩나물찜(05),290.16
아귀순살튀김(05)(06),660.98
아귀순살해물찜(05)(06)(17),173.65
아귀찜(05)(06),167.44
아귀찜(05)(06)(08),89.68
아귀탕(05)(06),72.52
아란치니(02)(05)(10),859.0
아비꼬카레(02)(10),143.98
아비꼬카레(06)(10),312.18
아비꼬카레(10),112.18
아욱된장국(05)(06),50.23
아이스크림 떠먹는형,270.0
아이스크림 바,126.0
아이스크림 샌드위치(02),252.0
아이스크림 콘 완제품(02),270.0
"아이스크림 콘,완제품(02)",270.0
아이스크림 팩형(02),234.0
"아이스크림, 떠먹는형",270.0
"아이스크림, 컵형,부대계약",
"아이스크림, 팩형,부대계약(02)",155.0
알떡스테이크(12),126.06
알리오올리오(브런치)(02)(05)(06)(09)(15)(18),137.88
알리오올리오파스타(05)(06)(09)(13)(15),460.57
알리오올리오파스타(05)(06)(13)(15),449.32
알배기배추,18.1
앙버터바게트,1400.0
애호박나물(05),117.33
애호박나물(05)(09),140.3
애호박나물(09),99.67
야끼소바(05),532.99
야끼소바(05)(10),519.79
야채고기말이(05)(06)(10)(15)(16)(18),378.1
야채고로케(02)(05)(06)(10),900.0
야채고로케(02)(05)(06)(10)(12),912.1
야채샐러드(01)(05)(06)(12),46.59
야채샐러드(01)(12),44.52
야채샐러드(05)(06),84.96
야채샐러드(05)(06)(12),32.9
야채샐러드(12),43.93
야채스틱앤저염쌈장,17.73
야채스틱앤저염쌈장(05),50.59
야채스틱앤저염쌈장(05)(06),71.85
야채춘권&칠리소스(06),145.25
야채튀김(05)(06),196.8
야채튀김(05)(06)(12),230.87
야채튀김(06),255.38
야채튀김(06)(12),242.4
양갈비스테이크(12),482.25
양념고추지,0.0
양념깻잎지(완)(05)(06),120.0
양배추쌈,19.06
양배추쌈&저염쌈장,120.13
양배추쌈&저염쌈장(06),26.42
양배추쌈(05)(06),67.83
양배추쌈M582:오이무침대(05)(06),106.33
양송이스프,0.0
양송이스프(02)(05)(06),40.01
양송이스프(02)(06),80.0
양지수육곰탕(완)(01)(05),33.51
양파링튀김(01)(05)(06),262.8
양파링튀김(01)(05)(06)(12),379.25
양파절임,22.25
양파절임(05)(06),30.85
어니언베이글,0.0
어린잎채소샐러드(01)(05),72.3
어묵김치우동(01)(05)(06),888.55
어묵김치우동(01)(06),830.25
어묵김치찌개(02)(05)(06)(09)(10)(16),218.51
어묵핫바(06),200.56
어향가지덮밥(02)(05)(06)(10)(16)(18),140.06
언양식납작불고기랩(06)(12)(16),385.02
언양식납작불고기랩(12)(16),309.18
언양식바싹불고기(05)(06)(16),114.24
언양식바싹불고기(05)(10),389.62
언양식바싹불고기(10),312.8
언양식바싹불고기파채(05)(06)(10),293.93
얼큰순대국(05)(10),306.41
얼큰칼국수(05)(06)(09)(16)(18),564.08
얼큰홍합탕(05),36.57
에그랑땡(01)(05)(06)(12),453.1
에그랑땡(01)(06)(12),317.1
에그카츠(01)(05)(06)(10)(12)(16)(18),245.1
에그타르트(01)(06),50.0
에그햄치즈버거(01)(02)(06)(10)(12),1227.0
에너지드링크,50.0
에너지바,188.0
에이드,115.0
연근조림(완),43.6
연근조림(완)(04)(05)(06),58.07
연두부양념장(05),80.14
연두부양념장(05)(06),83.03
연잎밥,0.0
연포탕(05)(06)(18),106.71
열무김치,12.16
열무보리비빔밥(05)(06),181.03
열무보리비빔밥(06),167.59
열무비빔냉면(01)(02)(05)(06)(10)(16),2970.06
열무비빔밥(05)(06),453.54
영양밥&부추양념장,509.08
영양밥&부추양념장(05)(06),457.1
영양밥&부추양념장(05)(06)(18),174.9
영양밥(05)(06)(16),487.89
영양밥(05)(06)(16)(18),506.3
옛날도시락비빔밥(05)(06)(10),519.05
옛날통닭(01)(05),561.15
옛날통닭(05),695.0
옛날통닭(05)(06)(15),757.5
오곡밥,353.59
오곡밥(05),313.25
오리불고기,470.06
오리불고기(05)(06),310.05
오리엔탈샐러드(05)(06)(12)(18),43.37
오리훈제야채볶음(01),331.82
오므라이스(01)(02)(05)(06)(10)(15)(16)(18),698.5
오므라이스(01)(02)(05)(06)(10)(16),457.8
오므라이스(완)(05)(06)(10)(12)(15)(16),751.26
오믈렛(01)(05)(06)(12)(16),104.56
오믈렛(12),12.1
오미산적(완)(01)(05)(06)(10)(15),468.6
오삼불고기(05)(06)(10)(17),443.93
오야꼬동(01),449.92
오이김치,16.65
오이도라지무침(06),72.52
오이무침(05)(06),53.82
오이부추무침,22.23
오이부추무침(05)(06),24.86
오이소박이,20.35
오이양파무침,25.0
오이양파무침(05)(06),36.28
오이양파장아찌(05)(06),42.18
오이양파장아찌C510:야채샐러드대(05)(06),37.71
오이파프리카무침,26.82
오이파프리카무침(05)(06),48.42
오이파프리카무침(06),37.8
오이파프리카초무침(05)(06),46.72
오이풋고추된장무침,29.43
오이풋고추무침,14.72
오이풋고추무침(05)(06),25.24
오이피클,29.16
오이피클(05)(06),4.5
오지치즈후라이 (02),127.15
오지치즈후라이 (02)(05),163.65
오지치즈후라이 (02)(05)(06),533.85
오지치즈후라이 (02)(10),172.75
오지치즈후라이(02)(05)(06)(10),400.96
오징어국(05)(17),79.82
오징어링칠리소스(05)(06)(17),392.88
오징어링칠리소스(06)(17),475.76
오징어먹물면크림파스타(02)(05)(06)(10)(15)(18),213.99
오징어볶음,110.9
오징어볶음(05)(06),113.87
오징어볶음(05)(06)(17),226.23
오징어볶음(17),158.87
오징어브로콜리숙회(06)(17),134.19
오징어브로콜리숙회(17),88.58
오징어실채무침(05)(06)(17),149.93
오징어야채무침(05)(06)(17),169.42
오징어야채무침(17),116.24
오징어젓무침(17),32.07
오징어채무침(06)(17),84.26
오징어채무침(17),76.11
오징어채볶음(01)(05)(06)(17),94.17
오징어채볶음(05)(06)(17),155.56
오징어튀김(01),215.66
오징어튀김(01)(05)(06),302.56
오징어튀김(01)(06),305.7
"옥수수,신선형(찰옥수수(79월))",84.064
옥수수밥,252.04
옥수수스프,132.9
옥수수스프(02)(05)(06)(15)(16),197.5
온모밀(01)(03)(05)(06)(09)(10),184.66
와플&딸기쨈(01)(02)(05)(06),598.76
와플&메이플시럽(01)(02)(05)(06),110.0
와플(01)(02)(05)(06),538.08
완두콩밥,329.0
왕만두국(01),74.54
왕새우튀김(01)(05)(09),419.4
왕새우튀김우동(01)(05)(06)(09),901.04
요구르트 아이스크림 떠먹는형(02),96.0
요구르트(육사),42.0
"요구르트,떠먹는형(02)",96.0
요우티아오연유(06),220.0
우동장국(01)(02)(05)(06)(10)(16),14.45
우동장국(01)(05)(06),64.91
우동장국(01)(06),14.45
우럭매운탕(05)(06),128.41
우렁강된장찌개(05)(06)(18),100.09
우렁강된장찌개(05)(18),75.97
우렁된장찌개(05),80.13
우삼겹쌀국수(05)(06)(08)(16)(18),260.3
우삼겹오일파스타(02)(05)(06)(16)(18),357.62
우엉잡채(05)(06)(16),111.94
우엉조림(05)(06),109.46
우엉채조림,45.23
우엉채조림(05)(06),71.33
우유 살균형(바나나),154.0
우유(백색우유(200ML)),122.0
"우유(백색우유(200ML,연간))(02)",122.0
"웅진식품,가야농장 제주감귤,340ml",44.0
"웅진식품,웅진자연은샤인머스켓,340ml",153.0
"웅진식품,자연은 제주감귤,180ml",180.0
"웅진식품,자연은납작복숭아,340ml(11)",155.0
"웅진식품,파인애플에이드,190ml",49.0
웅진자연은샤인머스켓,153.0
워터젤리,176.4
웨지감자(완),346.08
웨지감자(완)(05),369.28
웨지감자(완)(05)(06),384.0
웨지감자(완)(05)(06)(12),250.4
웨지감자튀김,110.51
유린기(05)(06)(18),194.71
유부된장국,28.19
유부된장국(05),78.14
유부된장국(05)(06),103.29
유부어묵국(17)(05)(06),56.65
유부어묵국(17)(05)(06)(10)(13)(16),623.77
유부우동(01)(05)(06)(09),506.59
유부주머니어묵탕(05)(06)(09)(10)(16),126.21
유산균 발효 음료(02),56.0
유자드레싱샐러드(11),99.18
음료수 탄산 과일,172.8
음료수 탄산 콜라,117.5
"음료수, 탄산, 과일",86.4
"음료수,탄산,콜라",117.5
이온음료,58.8
이탈리아식배추구이,13.07
일회용버터,0.0
잉글리쉬머핀(01)(02)(05)(06)(10),423.0
잉글리쉬머핀(01)(02)(05)(06)(10)(16),513.9
자두(78월),28.6
자두(추희),26.0
자두(후무사),26.0
자연은 제주감귤 180ml,180.0
자연은망고,26.0
자장면(01)(05)(06)(10),873.28
자장면(05)(06)(09)(10)(17),832.1
자장면(05)(06)(10),809.02
자장면(05)(06)(10)(17),816.95
자장면(06)(10),607.88
자장밥,510.73
자장밥(01)(06),681.2
자장밥(05)(06)(10),782.72
자장밥(10),815.52
잔치국수(01)(05)(06),50.73
잔치국수(01)(05)(06)(07)(09)(18),503.07
잔치국수(01)(05)(06)(09),386.04
잔치국수(01)(05)(06)(10),367.6
잔치국수(01)(06),456.04
잔치국수(05)(06)(09),402.02
잠봉뵈르샌드위치(01)(02)(05)(06)(10)(16),545.5
잡곡밥,381.33
잡채,89.65
잡채(01)(05)(06),214.88
잡채(01)(05)(06)(07)(09)(16)(18),245.63
잡채(01)(05)(06)(10)(16),92.44
잡채(01)(05)(06)(16),240.08
잡채(05)(06),153.56
잡채(05)(06)(16),161.49
잡채(16),164.31
잡채밥(05)(06)(10)(16),567.67
잡채볶음밥,703.44
잡채볶음밥(05)(06)(10),877.38
잡채어묵조림(05)(06),256.58
장어강정,286.49
장어강정(05),256.31
장어강정(05)(06),207.5
장어덮밥,1.45
장어덮밥(01)(05)(07)(10),641.34
장어양념구이(완),0.0
장조림계란밥(01)(05)(06),429.73
장조림버터비빔밥(01)(05)(06)(16),447.95
장조림버터비빔밥(01)(05)(16),734.8
장칼국수(05)(06)(09),497.49
재첩국(18),231.67
전복버섯영양밥(05)(06)(18),80.74
전복버터구이(05)(06)(18),160.79
전복버터구이(18),52.51
전복버터야채볶음(18),76.8
전복삼계탕(15)(18),630.43
전복죽(01)(05)(18),421.17
전복죽(01)(18),380.59
전복죽(05)(18),410.97
전투식량,1300.0
전투식량 1형1식단,1300.0
전투식량 2형1식단(김치밥),0.0
전투식량 즉각취식형 1식단,1262.0
제육덮밥,399.3
제육덮밥(01)(05)(06)(10),602.94
제육덮밥(05)(06)(10),897.93
제육덮밥(10),764.78
제육볶음(05)(06)(10),426.02
제육볶음(10),448.82
젤리,11.0
조각케익(01)(02)(04)(05)(06),272.0
조각피자,0.0
조갯살미역국,8.67
조갯살미역국(05),17.33
조갯살미역국(05)(06)(09)(18),39.05
조갯살미역국(05)(18),23.91
조갯살미역국(09),8.67
조갯살미역국(09)(18),40.06
조기구이(06),206.52
조기순살튀김(06),128.07
조기양념찜(05)(06),100.68
조기튀김,106.67
조기튀김(06),251.44
조랭이떡들깨탕(05)(06)(09),170.87
조랭이떡들깨탕(06)(09),196.1
조미김,30.0
주꾸미볶음,169.22
주꾸미볶음(06),209.7
주먹밥,371.6
"주스,카프리썬오렌지망고",
중화비빔밥(01)(05)(06)(10),634.97
중화비빔밥(05)(06)(09)(10)(17),682.44
중화비빔밥(05)(06)(10),676.72
중화식돈까스(05)(06)(10),617.64
쥐어채무침(완),0.0
쥐포조림(05)(06),57.59
즉석쌀국수(사골맛),325.0
즉석카레소스(06)(10),250.8
지코바치킨덮밥(05)(06)(12)(15),535.95
지파이(01)(02)(05)(06)(12)(15)(18),548.35
지파이(01)(05)(06)(15),762.11
지파이(완제품)(01)(05)(06)(15),592.35
진한육개장(완),294.0
집게맛살튀김(01)(05)(06)(08),145.01
짜계치(01)(05)(06)(10),504.0
"짜먹는 발효유,부대계약",
짜먹는요구르트(02),38.4
짜사이(05)(06),64.91
짬뽕(06)(09)(17),332.75
짬뽕(06)(17),315.65
짬뽕수제비(05)(06)(09)(17),193.19
짬뽕수제비(06)(09)(17),267.85
짬뽕순두부찌개(05)(09)(17),138.29
짬뽕쌀국수(05)(06)(10)(16)(17)(18),337.04
짬뽕찌개(01)(09)(17),82.31
짬뽕찌개(01)(17)(18),93.07
짬뽕찌개(05)(06)(09)(17),52.98
짬뽕찌개(05)(06)(09)(17)(18),99.92
짬뽕찌개(05)(09)(17),76.65
짬뽕찌개(05)(17)(18),62.1
짬뽕찌개(09)(17),50.73
짬뽕찌개(17),63.04
짬뽕파스타(05)(06)(09)(17),74.65
쫀득치킨꿔바로우(05)(06)(15),336.64
쫀득치킨꿔바로우후르츠소스(05)(06)(15),382.64
쫄면(01)(05)(06),401.22
쫄면(01)(06),277.1
쫄면야채무침(05)(06),65.46
쭈꾸미덮밥(05)(06),472.73
쭈꾸미덮밥(05)(06)(10),520.48
쭈꾸미덮밥(05)(06)(17),542.82
쭈꾸미볶음(06),205.07
쭈꾸미야채볶음(05)(06),121.34
찐고구마,109.65
찐만두&간장(05)(06),310.25
찐만두&간장(05)(06)(10),232.51
찐만두(05)(06),61.67
찐만두(05)(06)(10),246.89
찐새우만두(05)(06)(08)(09)(10)(17)(18),230.39
차돌깍두기볶음밥(05)(16),1080.0
차돌깍두기볶음밥(완)(16),137.0
차돌된장찌개(완),0.0
차돌박이된장찌개(완),3.96
차돌박이숙주볶음(17)(05)(06)(16)(18),467.91
차돌박이숙주볶음(17)(16)(18),155.95
차돌박이숙주찜(16),830.9
차돌박이청경채볶음(05)(06)(16),150.38
차돌박이청경채볶음(05)(06)(16)(18),157.03
차돌볶음우동(05)(06)(16)(18),595.37
차돌육개장(01)(05)(06)(16),116.87
차돌육개장(완)(05)(16),218.49
차돌육개장(완)(16),215.0
차돌짬뽕(01)(05)(06)(09)(10)(15)(16)(17)(18),505.26
차돌짬뽕(01)(05)(06)(09)(16)(17),517.94
차돌짬뽕(01)(05)(06)(09)(16)(17)(18),556.29
차돌짬뽕(01)(06)(16)(17),497.85
차돌짬뽕(05)(06)(09)(16)(17),535.26
차돌짬뽕(05)(09)(16)(17),320.06
차슈덮밥,403.65
차슈덮밥(02)(05)(10),461.98
차슈덮밥(05)(06)(10)(18),721.61
차슈덮밥(05)(10),658.55
참깨드레싱,0.0
참돔튀김(01)(06),324.87
참외(4월~5월),38.0
"참외,신선형(참외(78월))",38.0
참치김치볶음,96.17
참치김치볶음(05)(12)(16),57.29
참치김치볶음(09)(18),193.93
참치김치찌개(05),99.42
참치김치찌개(05)(09)(18),190.09
참치나쵸샐러드(12)(13),309.62
참치마요구운주먹밥(01)(05)(07),340.0
참치마요덮밥(01),627.57
참치마요덮밥(01)(05),456.94
참치마요덮밥(01)(05)(06),124.31
참치마요덮밥(01)(05)(06)(15)(18),707.24
참치마요주먹밥(01)(05),421.66
참치마요주먹밥(01)(05)(06),409.4
참치마요주먹밥(01)(05)(13),363.68
참치마요주먹밥(05),413.16
참치미역국(05),76.26
참치샐러드&모닝빵(01)(05)(06)(12)(18),1277.4
참치야채비빔밥,575.99
참치야채비빔밥(05)(06),550.43
참치야채비빔밥(05)(06)(13),703.29
참치야채비빔밥(06)(13),661.99
찹스테이크(06)(10)(12),453.78
찹스테이크구이&소스(05)(06)(12)(16)(18),155.75
찹쌀꿔바로우,133.32
찹쌀꿔바로우(01)(05)(06)(10),570.51
찹쌀꿔바로우(05)(06),143.57
찹쌀밥,314.0
찹쌀탕수육(05)(06)(10),263.49
찹쌀탕수육(05)(06)(10)(12),381.96
천사채마요무침(01)(08),122.5
청국장(05),81.88
청국장(05)(06)(10),152.82
청국장(05)(09)(16),120.82
청국장(05)(10),112.47
청국장(05)(16),50.17
청양마요치킨(01)(05)(06)(15),510.01
청양마요치킨(01)(06)(15),403.47
청양마요치킨(01)(15),504.86
청양마요치킨(05)(06)(15),563.41
청양마요치킨(06)(15),390.8
청양마요치킨(15),451.19
청양크림돈가스(06)(10),485.74
청포묵김가루무침,30.32
청포묵김가루무침(01),63.05
청포묵김가루무침(01)(05)(06),64.51
청포묵김가루무침(05)(06),42.39
초계국수(01)(05)(06)(09)(15),307.27
초코과자,275.55
초콜릿(3사교),286.0
"초콜릿,부대계약",
총각김치,15.17
총각김치(09),13.69
추어탕(완),0.0
추억의도시락(05),417.76
추억의도시락(05)(06)(10),492.16
취나물밥&양념장(05)(06)(10),417.24
츄러스(01)(02)(05)(06),222.45
치아바타샌드위치,601.55
치아바타샌드위치(01)(02)(05)(06)(10)(13)(16)(18),610.13
치아바타샌드위치(01)(02)(05)(06)(10)(16),842.3
치아바타샌드위치(01)(02)(05)(06)(13)(16)(18),545.03
치아바타샌드위치(01)(02)(05)(06)(16),1039.5
치아바타샌드위치(완)(01)(02)(05)(06)(10)(12)(15)(16)(18),549.9
치즈닭갈비(02)(05)(06)(15),388.7
치즈돈가스(02)(05)(06)(10),560.51
치즈돈가스(02)(05)(10),410.51
치즈돈가스(06)(10),479.26
치즈롤까스(02)(05)(06)(10),545.0
치즈롤까스(02)(05)(06)(10)(12)(16)(18),547.5
치즈롤까스(05)(06)(12)(16)(18),417.5
치즈롤까스(05)(10),404.5
치즈롤까스(10),475.0
치즈볼,110.51
치즈볼(02),358.51
치즈볼(02)(05)(06)(12),297.1
치즈불고기버거(01)(02)(06)(12),764.72
치즈사각피자,0.0
치즈스틱(02)(05)(06),129.0
치즈함박스테이크소스,55.25
치즈함박스테이크소스(01)(02)(05)(06)(10)(12)(13)(16),279.25
치즈함박스테이크소스(12),570.75
치커리유자청무침,29.75
치킨가라아게,437.21
치킨가라아게(01),628.18
치킨가라아게(05)(06)(15),468.06
치킨가스(완제품),138.13
치킨가스(완제품)(01),219.13
치킨가스(완제품)(01)(05)(06)(12)(15),506.47
치킨가스(완제품)(01)(05)(06)(15),689.73
치킨가스(완제품)(12),180.28
치킨까스,110.51
치킨너겟(01),227.45
치킨너겟(01)(02)(05)(06)(12)(15)(16)(18),377.45
치킨너겟(01)(02)(05)(06)(15),322.45
치킨너겟(01)(05),403.45
치킨너겟(01)(05)(06)(15),543.47
치킨너겟(01)(06)(15),494.26
치킨너겟강정(01)(06)(15),356.71
치킨데리야끼마요덮밥(01)(05),101.03
치킨데리야끼볶음밥(완)(15),320.0
치킨마요덮밥(01)(05),95.89
치킨마요덮밥(01)(05)(06)(15),458.4
치킨샐러드(01)(15),204.52
치킨텐더,392.22
치킨텐더(01),194.94
치킨텐더(01)(05),180.86
치킨텐더(01)(06)(15),650.56
치킨텐더(01)(15),467.46
치킨텐더(02)(05)(06)(09)(15)(16)(17),378.1
치킨텐더(05)(12),469.65
치킨텐더(06)(12)(15),637.34
치킨텐더(15),398.22
치킨텐더또띠아(01)(02)(05)(06)(12),319.48
치폴레체다치즈프라이(01)(02)(05)(12)(13)(16),263.9
카레덮밥(카레가루),240.81
카레덮밥(카레가루)(10),210.61
카레밥(02)(05)(06)(10)(16),614.51
카레밥(02)(05)(06)(16),551.81
카레밥(06)(10),250.8
카레우동(01)(05)(06),727.54
카레우동(02)(05)(06)(15)(16),516.95
카페라떼,168.0
카프리썬사과 200ml 200ml,60.0
카프리썬오렌지,60.0
카프리썬오렌지망고,
커피음료,
컵과일(대추방울토마토),17.0
컵과일(사과대추방울토마토),44.72
컵스프,0.0
컵시리얼,0.0
코다리순살조림(05)(06),87.16
코다리순살콩나물찜(05),115.09
코다리조림(05)(06),89.1
코다리콩나물찜(05)(06)(09),145.56
코코아 음료 분말(간호사관학교),412.0
코코팜망고코넛,122.3
콘소메웨지감자(05),220.2
콘옥수수야채무침,91.97
콘옥수수야채무침(01),102.87
콘옥수수야채무침(01)(02)(05)(06)(08),609.43
콘옥수수야채무침(01)(05)(06)(08),176.22
콘옥수수야채무침(01)(06),154.26
콘옥수수야채무침(06),155.87
콘치즈오븐구이(02)(05)(06)(08),166.92
콜라,117.5
콩국수(01)(05)(06)(12),579.41
콩나물국(02)(05)(06)(09)(16),14.57
콩나물국(05)(06)(09)(16),14.62
콩나물국(05)(09),19.58
콩나물국(05)(09)(16),18.81
콩나물국(09),11.75
콩나물국(09)(16),18.81
콩나물국밥(01)(05)(06)(09)(17),391.71
콩나물국밥(01)(05)(09),386.86
콩나물김치국,23.52
콩나물김치국(05),14.19
콩나물김치국(05)(09),22.87
콩나물김치국(05)(09)(18),30.88
콩나물김치국(09),26.68
콩나물매운무침,25.22
콩나물매운무침(05),43.44
콩나물매운무침(05)(16),25.41
콩나물매운무침(16),25.41
콩나물무침(05)(06),37.73
콩나물밥&부추양념장(05)(06),396.4
콩나물밥&부추양념장(05)(06)(10),423.59
콩나물밥(05)(06),410.26
콩나물불고기덮밥(05)(06)(10),594.72
콩나물파채무침(05),22.65
콩비지찌개(05)(09)(10),68.74
큐브스테이크,21.49
큐브스테이크(05)(06)(10),630.85
큐브스테이크(05)(06)(10)(12),505.03
크래미숙주무침(08),54.22
크래미스크램블(01)(05)(06)(08)(12),94.11
크래미야채볶음(05)(06)(08)(12),61.31
크로와상,254.9
크로와상&딸기쨈(01)(02)(05)(06),486.67
크로와상(01)(02)(05)(06),665.4
크로와상(01)(02)(05)(06)(10)(16),719.0
크로와상(06),204.0
크로크무슈(01)(02)(05)(06),623.67
크리미어니언치킨까스(01)(02)(05)(06)(13)(15),293.1
크림감자뇨끼(06)(10),319.95
크림떡볶이,468.01
크림떡볶이(05),466.91
크림스파게티(06)(10),748.69
크림우동,482.14
크림치즈,0.0
키조개미역국(05)(06)(18),21.11
타코샌드위치(01)(02)(05)(06)(10)(12)(13)(16),423.49
타코샌드위치(01)(02)(05)(06)(12),437.36
타코샌드위치(01)(02)(05)(06)(12)(13)(15)(16)(18),359.88
타코샌드위치(01)(02)(05)(06)(12)(13)(16),377.05
타코샌드위치(01)(05)(06),272.91
타코샌드위치(01)(05)(06)(12)(13)(15)(16)(18),344.37
타코샌드위치(01)(05)(06)(12)(13)(16),314.51
타코샌드위치(01)(05)(06)(16),272.91
타코야끼,0.0
타코야끼(01)(05)(06),202.15
탄두리치킨,125.67
탄두리치킨(15),404.8
탄두리치킨또띠아(06)(12)(15),297.5
탄두리치킨또띠아(06)(15),278.5
탄두리치킨또띠아(15),172.0
탄산음료,112.0
탄탄면(01)(02)(05)(06)(10)(15)(16)(18),721.78
탕수육,48.73
탕수육(05)(06),43.3
탕수육(05)(06)(10),545.35
탕수육(05)(06)(10)(12)(16),195.91
탕수육(05)(06)(12),505.82
탕수육(06)(10),347.48
탕수육(완제품용)(05)(06)(10),330.0
탕수육(완제품용)(05)(06)(10)(12),384.49
탕후루(완제품),0.0
태국식돼지고기덮밥(01)(10)(18),645.48
탱글소시지철판볶음밥(05)(10),673.64
탱글소시지철판볶음밥(10),673.15
토마토(비생산기)(12),17.82
토마토달걀볶음(01)(05)(06)(12)(18),135.87
토마토카레라이스(10)(12),139.51
토마토해물스파게티(02)(05)(06)(09)(16)(17)(18),774.51
토마토해물스파게티(02)(05)(06)(09)(16)(18),526.61
"토핑형 발효유,부대계약(02)(06)",165.0
통새우볶음밥,786.32
통새우볶음밥(01)(05)(08)(09),781.17
통새우볶음밥(01)(05)(08)(09)(12),781.47
통새우볶음밥(05),93.44
파김치,21.24
파김치(09),20.65
파닭(파채닭튀김)(05)(06)(15),472.11
파송송계란국(01)(05)(06)(09),38.67
파송송계란국(01)(09)(16),40.25
파송송계란국(01)(16),40.25
파스타샐러드(완)(01)(05)(06),146.25
파채돈가스(05)(06)(10),509.05
파채무침,22.85
파채무침(05)(06),23.41
파채콩나물무침,21.93
파채콩나물무침(05),21.4
팔보채덮밥(09)(17)(18),508.44
팝콘형치킨너겟,107.46
팝콘형치킨너겟(01),24.35
팝콘형치킨너겟(01)(06),447.36
팝콘형치킨너겟(01)(06)(12),555.67
팝콘형치킨너겟(01)(06)(15),320.25
팥빙수,180.0
팥죽,221.49
팽이버섯계란국(01)(05)(06)(16),36.92
팽이버섯국(01)(05),53.27
팽이버섯두부국(01)(05),52.56
팽이버섯두부국(05),52.36
팽이버섯두부국(05)(06),33.16
팽이버섯두부국(05)(06)(16),49.34
팽이버섯두부국(05)(16),32.04
페퍼로니치아바타(완)(01)(02)(05)(06)(10)(12)(15)(16)(18),941.4
편육/쌈무(09)(13)(16),995.41
"포도,신선형(포도(811월))",38.088
포테이토크림스프(02)(05)(06)(10)(15)(16),38.51
포테이토크림스프(완)(02)(05)(06)(10)(15)(16),88.0
폴드포크버거(01)(02)(06)(10),546.14
푸실리샐러드(완),31.6
푸실리샐러드(완)(01)(06),16.8
푸실리샐러드(완)(05)(06)(12)(16),89.5
푸실리샐러드(완)(06)(12),31.6
푸팟퐁커리(01)(05)(06)(08),254.75
피자,170.0
피자떡볶이(01)(02)(05)(06)(10)(12),306.11
피자떡볶이(02)(05)(06)(10)(12)(16),219.26
피크닉청포도,75.0
피타브레드샌드위치(01)(05)(06)(10)(12)(13),874.34
피타브레드샌드위치(01)(05)(06)(12)(13),456.11
하와이안찹스테이크(05)(10),377.39
하와이안찹스테이크(10),543.25
하와이안함박(12),115.78
하이라이스(02)(05)(06)(10)(12)(15)(16),656.88
하이라이스(02)(05)(06)(12)(15)(16),56.83
하이라이스덮밥,363.0
하이라이스덮밥(02)(05)(06)(10)(12)(15)(16),611.1
한라봉,95.94
한방삼계탕(15),814.67
한우갈비탕(05)(16),419.88
한우소머리국밥(02)(05)(06)(15)(16)(18),131.16
한우소머리국밥(05)(06)(16),867.61
할라피뇨,30.0
할라피뇨소시지구이(01)(05)(10)(12)(13)(16),118.2
할라피뇨소시지구이(01)(10)(12),203.9
함박스테이크,56.0
함박스테이크(05),407.37
핫도그(10),295.25
핫도그빵(01)(06),807.73
핫도그빵(01)(06)(10)(12),950.06
핫도그빵(01)(06)(12),682.92
핫도그빵(06)(10),728.92
해물동그랑땡,390.76
해물동그랑땡(12),459.11
해물동그랑땡(완제품),116.0
해물동그랑땡(완제품)(01)(06),244.0
해물동그랑땡(완제품)(05)(06)(17),15.75
해물동그랑땡야채볶음(05)(06),239.62
해물동그랑땡야채볶음(05)(06)(17),183.37
해물볶음우동(05)(06)(09),545.7
해물사천짜장(05)(06)(09)(17),621.08
해물칼국수(05)(06)(09)(17)(18),482.01
해물칼국수(05)(06)(18),34.99
해물파전,365.28
해물파전(완)(05)(06)(09)(17),25.6
해쉬브라운,126.0
해쉬브라운(05),432.0
해쉬브라운케찹(05)(06)(12),237.48
"해태에이치티비,갈아만든배,238ml",40.0
"해태에이치티비,복숭아봉봉,340ml(11)",81.0
"해태에이치티비,코코팜망고코넛,340ml",122.3
햄&치즈크로와상(01)(02)(05)(06),246.0
햄&치즈크로와상(02)(05)(06),154.8
햄마요덮밥(01)(05)(06)(10),368.26
햄버거스테이크(05)(06)(10)(12)(16),229.0
햄버거스테이크(06)(10)(12)(16),427.5
햄버거스테이크(06)(10)(16),339.2
햄버그스테이크,0.0
햄소시지찌개(01)(05)(06)(10),215.06
햄소시지찌개(05)(06)(09)(10)(13)(18),215.11
햄소시지찌개(05)(06)(10),223.23
햄소시지찌개(05)(06)(10)(13),156.51
햄소시지찌개(05)(10)(13),99.72
햄소시지찌개(10),47.81
햄슬라이스야채볶음,75.74
햄슬라이스야채볶음(02)(05)(06)(10)(15)(16),146.13
햄슬라이스야채볶음(05)(06)(10),142.16
햄슬라이스야채볶음(05)(06)(10)(13),217.48
햄슬라이스야채볶음(10),156.91
햄야채볶음밥(01)(05)(06)(10)(12)(15),533.15
햄야채볶음밥(02)(05)(06)(10)(12)(15)(16)(18),1265.75
햄야채볶음밥(05),465.75
햄야채볶음밥(05)(06)(10)(12),518.87
햄야채볶음밥(05)(06)(10)(12)(18),503.92
햄야채볶음밥(05)(10),409.92
햄야채볶음밥(05)(10)(12),393.05
햄야채볶음밥(05)(10)(12)(13),447.65
햄야채볶음밥(10),587.63
햄야채볶음밥(10)(12),545.09
햄주먹밥(05)(06)(10)(18),98.79
햄치즈버거(01)(02)(06)(10)(12),1205.03
햄치즈버거(01)(02)(06)(12),738.4
햄치즈버거(01)(02)(10)(12),785.69
햄치즈버거(01)(06)(10)(12),749.43
햄치즈버거(06)(10),722.17
햄치즈에그샌드위치(01)(02)(05)(06),334.76
햄치즈에그샌드위치(01)(02)(05)(06)(10),405.85
햄치즈에그샌드위치(01)(02)(05)(06)(10)(12)(13)(16),911.85
햄치즈에그샌드위치(01)(02)(05)(06)(10)(15)(16),554.74
햄치즈에그샌드위치(01)(02)(05)(06)(10)(16),500.59
허니요거트드레싱,0.0
허브치킨플레로티(01)(05)(12)(13)(16),188.9
허브치킨플레로티(05),180.0
호떡쌀군만두(01)(05)(06)(10),223.95
호박된장찌개(05),62.13
호박된장찌개(05)(06),71.45
호박된장찌개(05)(06)(09),70.9
호박된장찌개(05)(06)(09)(16),89.22
호박된장찌개(05)(06)(16),57.35
호박된장찌개(05)(09)(16),45.97
호빵,170.8
홍합탕,35.99
홍합탕(05),40.32
홍합탕(18),48.76
황태찜,199.45
황태채국(01),51.13
황태채국(01)(05),84.86
황태채국(01)(05)(09),97.52
황태채무침,94.98
황태해장국(01)(05),98.2
황태해장국(01)(05)(06),86.08
회오리감자(05),198.56
후르츠칵테일샐러드(01)(05)(12),86.53
후리가케밥,363.0
후리가케밥(01)(05)(06),152.26
후리가케밥(05)(06),365.79
후리가케밥(소량)(04)(05)(06),140.85
후리가케밥(소량)(05)(06),217.2
후리카케밥,367.57
후리카케밥(소량)(01)(05)(06),107.95
훈제계란(01),70.08
훈제닭다리(완)(01)(05)(15),210.5
훈제삼겹(01)(02)(05)(10),522.0
훈제삼겹살구이(05)(06)(10)(16),602.0
훈제삼겹살구이/명이나물(01)(02)(05)(06)(10),611.5
훈제삼겹살구이/명이나물(01)(02)(05)(06)(10)(15),680.5
훈제삼겹살구이/명이나물(05)(06)(10)(15)(16),515.5
훈제연어샌드위치(01)(02)(05)(06)(07)(12)(13),686.55
훈제연어스테이크,340.95
훈제연어스테이크(05),410.05
훈제오리&또띠아쌈(01)(15),372.04
훈제오리/쌈무/머스타드소스(01),269.33
훈제오리냉채,268.02
훈제오리볶음(01)(02)(05)(06)(18),344.64
훈제오리볶음(05)(06),242.67
훈제오리볶음(05)(06)(18),461.11
훈제오리볶음(18),242.86
훈제오리볶음밥(01)(02)(05)(06)(18),766.51
훈제오리볶음밥(02)(05)(06)(09)(16)(18),725.68
훈제오리볶음밥(02)(05)(06)(16)(18),722.18
훈제오리볶음밥(05)(06)(18),426.18
훈제오리포케(01)(02)(05)(06)(13)(16)(18),930.52
흑미밥,381.75
