날짜,음식,식사유형
2026-09-24(목),전주식콩나물국,조식
2026-09-24(목),비엔나소시지케찹볶음,조식
2026-09-24(목),감자샐러드,조식
2026-09-24(목),배추김치,조식
2026-09-24(목),사과,조식
2026-09-25(금),쌀밥,조식
2026-09-25(금),꽃떡국,조식
2026-09-25(금),오미산적,조식
2026-09-25(금),오징어젓무침,조식
2026-09-25(금),배추김치,조식
2026-09-25(금),배,조식
2026-09-26(토),계란말이밥,조식
2026-09-27(일),간장계란밥,조식
2026-09-27(일),조갯살미역국,조식
2026-09-27(일),스팸구이&케찹,조식
2026-09-27(일),진미채고추장조림,조식
2026-09-27(일),배추김치,조식
2026-09-27(일),우유,조식
2026-09-28(월),쌀밥,조식
2026-09-28(월),쇠고기무국,조식
2026-09-28(월),돈육마늘간장볶음,조식
2026-09-28(월),검은콩조림,조식
2026-09-28(월),가공우유,조식
2026-09-28(월),배추김치,조식
2026-09-29(화),쌀밥,조식
2026-09-29(화),두부고추장찌개,조식
2026-09-29(화),볶음김치,조식
2026-09-29(화),파인애플함박조림,조식
2026-09-29(화),감자크래커범벅,조식
2026-09-29(화),우유,조식
2026-09-30(수),카야잼토스트,조식
2026-09-30(수),햄에그롤,조식
2026-09-30(수),타코샐러드,조식
2026-09-30(수),시리얼,조식
2026-09-30(수),모듬피클,조식
2026-09-30(수),우유,조식
2026-09-12(토),옥수수콘스프,조식
2026-09-12(토),치킨파니니,조식
2026-09-12(토),황도샐러드,조식
2026-09-12(토),무피클,조식
2026-09-13(일),쌀밥,조식
2026-09-13(일),파송송계란국,조식
2026-09-13(일),연탄불고기,조식
2026-09-13(일),진미채고추장조림,조식
2026-09-13(일),가공우유,조식
2026-09-13(일),배추김치,조식
2026-09-14(월),쌀밥,조식
2026-09-14(월),순두부국,조식
2026-09-14(월),스팸구이&케찹,조식
2026-09-14(월),마일드오믈렛,조식
2026-09-14(월),배추김치,조식
2026-09-14(월),우유,조식
2026-09-15(화),쌀밥,조식
2026-09-15(화),백짬뽕국,조식
2026-09-15(화),떡갈비칠리조림,조식
2026-09-15(화),간장깻잎지,조식
2026-09-15(화),배추김치,조식
2026-09-15(화),우유,조식
2026-09-16(수),에그마요모닝빵,조식
2026-09-16(수),페퍼로니샐러드,조식
2026-09-16(수),오이피클,조식
2026-09-16(수),치즈머핀,조식
2026-09-16(수),시리얼,조식
2026-09-16(수),우유,조식
2026-09-17(목),쌀밥,조식
2026-09-17(목),맑은쇠고기무국,조식
2026-09-17(목),돼지고기부추볶음,조식
2026-09-17(목),땅콩조림,조식
2026-09-17(목),배추김치,조식
2026-09-17(목),우유,조식
2026-09-18(금),간장계란밥,조식
2026-09-18(금),햄치즈순두부찌개,조식
2026-09-18(금),참치야채볶음,조식
2026-09-18(금),토핑형발효유,조식
2026-09-18(금),배추김치,조식
2026-09-19(토),사쪽마늘빵,조식
2026-09-19(토),양송이스프,조식
2026-09-19(토),시저샐러드,조식
2026-09-20(일),쌀밥,조식
2026-09-20(일),맑은쇠고기무국,조식
2026-09-20(일),베이컨야채볶음,조식
2026-09-20(일),블랙페퍼함박스테이크,조식
2026-09-20(일),가공우유,조식
2026-09-20(일),배추김치,조식
2026-09-21(월),전복죽,조식
2026-09-21(월),쇠고기장조림,조식
2026-09-21(월),무말랭이무침,조식
2026-09-21(월),르뱅쿠키,조식
2026-09-21(월),시리얼,조식
2026-09-21(월),우유,조식
2026-09-22(화),쌀밥,조식
2026-09-22(화),두부고추장찌개,조식
2026-09-22(화),밥싸먹는훈제오리,조식
2026-09-22(화),미트볼칠리조림,조식
2026-09-22(화),배추김치,조식
2026-09-22(화),우유,조식
2026-09-23(수),불고기치아바타,조식
2026-09-23(수),스크램블에그,조식
2026-09-23(수),페퍼로니샐러드,조식
2026-09-23(수),무피클,조식
2026-09-23(수),시리얼,조식
2026-09-23(수),우유,조식
2026-09-24(목),쌀밥,조식
2026-07-31(금),들깨무채국,조식
2026-07-31(금),돈육마늘간장볶음,조식
2026-07-31(금),쥐포조림,조식
2026-07-31(금),토핑형발효유,조식
2026-07-31(금),배추김치,조식
2026-09-01(화),쌀밥,조식
2026-09-01(화),감자양파찌개,조식
2026-09-01(화),돈육메추리알장조림,조식
2026-09-01(화),진미채고추장조림,조식
2026-09-01(화),가공우유,조식
2026-09-01(화),배추김치,조식
2026-09-02(수),햄에그야채토스트,조식
2026-09-02(수),오이피클,조식
2026-09-02(수),고구마샐러드,조식
2026-09-02(수),팬케이크,조식
2026-09-02(수),시리얼,조식
2026-09-02(수),우유,조식
2026-09-03(목),쌀밥,조식
2026-09-03(목),백짬뽕국,조식
2026-09-03(목),비엔나구이&케찹,조식
2026-09-03(목),사각어묵조림,조식
2026-09-03(목),떠먹는발효유,조식
2026-09-03(목),배추김치,조식
2026-09-04(금),쌀밥,조식
2026-09-04(금),샤브샤브국,조식
2026-09-04(금),마늘김치두루치기,조식
2026-09-04(금),명엽채조림,조식
2026-09-04(금),두부양념장,조식
2026-09-04(금),우유,조식
2026-09-05(토),쇠고기스프,조식
2026-09-05(토),소금빵,조식
2026-09-05(토),열대과일샐러드,조식
2026-09-06(일),쌀밥,조식
2026-09-06(일),파송송계란국,조식
2026-09-06(일),참치야채볶음,조식
2026-09-06(일),밥싸먹는햄,조식
2026-09-06(일),가공우유,조식
2026-09-06(일),배추김치,조식
2026-09-07(월),치즈브리또,조식
2026-09-07(월),앙버터모닝빵,조식
2026-09-07(월),무피클,조식
2026-09-07(월),푸실리샐러드,조식
2026-09-07(월),시리얼,조식
2026-09-07(월),우유,조식
2026-09-08(화),장조림버터비빔밥,조식
2026-09-08(화),오징어무국,조식
2026-09-08(화),비엔나소시지야채볶음,조식
2026-09-08(화),배추김치,조식
2026-09-08(화),우유,조식
2026-09-09(수),베이글샌드위치,조식
2026-09-09(수),오이피클,조식
2026-09-09(수),시리얼,조식
2026-09-09(수),딸기드레싱샐러드,조식
2026-09-09(수),아이스슈,조식
2026-09-09(수),우유,조식
2026-09-10(목),쌀밥,조식
2026-09-10(목),샤브샤브국,조식
2026-09-10(목),흑마늘돈육야채볶음,조식
2026-09-10(목),양념깻잎지무침,조식
2026-09-10(목),마시는발효유,조식
2026-09-10(목),배추김치,조식
2026-09-11(금),쌀밥,조식
2026-09-11(금),쇠고기무국,조식
2026-09-11(금),직불떡갈비조림,조식
2026-09-11(금),가쓰오계란말이,조식
2026-09-11(금),배추김치,조식
2026-09-11(금),우유,조식
2026-07-18(토),크로크무슈,조식
2026-07-18(토),우유,조식
2026-07-19(일),쌀밥,조식
2026-07-19(일),돼지고기무찌개,조식
2026-07-19(일),볼어묵꽈리고추볶음,조식
2026-07-19(일),김자반,조식
2026-07-19(일),비엔나구이&케찹,조식
2026-07-19(일),사과에이드,조식
2026-07-19(일),배추김치,조식
2026-07-20(월),쌀밥,조식
2026-07-20(월),물만두국,조식
2026-07-20(월),밥싸먹는훈제오리,조식
2026-07-20(월),감자고추장조림,조식
2026-07-20(월),배추김치,조식
2026-07-20(월),우유,조식
2026-07-21(화),쌀밥,조식
2026-07-21(화),쇠고기미역국,조식
2026-07-21(화),오징어볶음,조식
2026-07-21(화),무말랭이무침,조식
2026-07-21(화),짜먹는발효유,조식
2026-07-21(화),배추김치,조식
2026-07-22(수),도넛세트,조식
2026-07-22(수),순살치킨샐러드,조식
2026-07-22(수),시리얼,조식
2026-07-22(수),무피클,조식
2026-07-22(수),우유,조식
2026-07-22(수),커피음료,조식
2026-07-23(목),쌀밥,조식
2026-07-23(목),파송송계란국,조식
2026-07-23(목),우삼겹숙주볶음,조식
2026-07-23(목),조미김,조식
2026-07-23(목),배추김치,조식
2026-07-23(목),우유,조식
2026-07-24(금),쌀밥,조식
2026-07-24(금),조갯살미역국,조식
2026-07-24(금),바싹불고기채소무침,조식
2026-07-24(금),가공우유,조식
2026-07-24(금),감자크래커범벅,조식
2026-07-24(금),배추김치,조식
2026-07-25(토),잠봉뵈르샌드위치,조식
2026-07-25(토),옥수수콘스프,조식
2026-07-25(토),시리얼,조식
2026-07-25(토),딸기드레싱샐러드,조식
2026-07-25(토),우유,조식
2026-07-26(일),쌀밥,조식
2026-07-26(일),유부주머니어묵탕,조식
2026-07-26(일),연탄불고기,조식
2026-07-26(일),명엽채고추장조림,조식
2026-07-26(일),가공우유,조식
2026-07-26(일),배추김치,조식
2026-07-27(월),전복죽,조식
2026-07-27(월),쇠고기장조림,조식
2026-07-27(월),무말랭이무침,조식
2026-07-27(월),배추김치,조식
2026-07-27(월),우유,조식
2026-07-28(화),쌀밥,조식
2026-07-28(화),백짬뽕국,조식
2026-07-28(화),견과류멸치볶음,조식
2026-07-28(화),참치김치볶음,조식
2026-07-28(화),연두부양념장,조식
2026-07-28(화),두유음료,조식
2026-07-29(수),계란말이밥,조식
2026-07-29(수),비엔나소시지케찹볶음,조식
2026-07-29(수),감자샐러드,조식
2026-07-29(수),시리얼,조식
2026-07-29(수),배추김치,조식
2026-07-29(수),우유,조식
2026-07-30(목),쌀밥,조식
2026-07-30(목),쇠고기무국,조식
2026-07-30(목),야채고기말이,조식
2026-07-30(목),두부조림,조식
2026-07-30(목),배추김치,조식
2026-07-30(목),우유,조식
2026-07-31(금),쌀밥,조식
2026-07-06(월),감자양파찌개,조식
2026-07-06(월),치즈말이어묵구이,조식
2026-07-06(월),배추김치,조식
2026-07-06(월),우유,조식
2026-07-07(화),쌀밥,조식
2026-07-07(화),두부고추장찌개,조식
2026-07-07(화),스팸구이&케찹,조식
2026-07-07(화),메추리알장조림,조식
2026-07-07(화),마시는발효유,조식
2026-07-07(화),배추김치,조식
2026-07-08(수),베이글&크림치즈,조식
2026-07-08(수),햄에그롤,조식
2026-07-08(수),시리얼,조식
2026-07-08(수),감자샐러드,조식
2026-07-08(수),무피클,조식
2026-07-08(수),우유,조식
2026-07-09(목),쌀밥,조식
2026-07-09(목),쇠고기무국,조식
2026-07-09(목),흑마늘돈육야채볶음,조식
2026-07-09(목),견과류멸치볶음,조식
2026-07-09(목),배추김치,조식
2026-07-09(목),우유,조식
2026-07-10(금),쌀밥,조식
2026-07-10(금),샤브샤브국,조식
2026-07-10(금),직불떡갈비조림,조식
2026-07-10(금),감자채볶음,조식
2026-07-10(금),가공우유,조식
2026-07-10(금),배추김치,조식
2026-07-11(토),딸기샌드위치,조식
2026-07-11(토),페퍼로니치아바타,조식
2026-07-11(토),야채스프,조식
2026-07-11(토),블루베리드레싱샐러드,조식
2026-07-11(토),시리얼,조식
2026-07-11(토),우유,조식
2026-07-12(일),참치오믈렛,조식
2026-07-12(일),쌀밥,조식
2026-07-12(일),쇠고기곰탕,조식
2026-07-12(일),베이컨야채볶음,조식
2026-07-12(일),가공우유,조식
2026-07-12(일),배추김치,조식
2026-07-13(월),불고기브리또,조식
2026-07-13(월),시리얼,조식
2026-07-13(월),버터쿠키,조식
2026-07-13(월),모듬피클,조식
2026-07-13(월),잠봉뵈르샐러드,조식
2026-07-13(월),우유,조식
2026-07-14(화),장조림버터비빔밥,조식
2026-07-14(화),물만두국,조식
2026-07-14(화),언양식바싹불고기,조식
2026-07-14(화),무말랭이무침,조식
2026-07-14(화),가공우유,조식
2026-07-15(수),햄에그야채토스트,조식
2026-07-15(수),오이피클,조식
2026-07-15(수),고구마샐러드,조식
2026-07-15(수),시리얼,조식
2026-07-15(수),망고큐브젤리,조식
2026-07-15(수),우유,조식
2026-07-16(목),쌀밥,조식
2026-07-16(목),사각어묵국,조식
2026-07-16(목),닭불구이&고구마무스,조식
2026-07-16(목),진미채간장조림,조식
2026-07-16(목),배추김치,조식
2026-07-16(목),우유,조식
2026-07-17(금),쌀밥,조식
2026-07-17(금),맑은쇠고기무국,조식
2026-07-17(금),돈육김치볶음,조식
2026-07-17(금),땅콩조림,조식
2026-07-17(금),연두부양념장,조식
2026-07-17(금),떠먹는발효유,조식
2026-07-18(토),양송이스프,조식
2026-07-18(토),리코타치즈샐러드,조식
2026-07-18(토),시리얼,조식
2026-08-25(화),쌀밥,조식
2026-08-25(화),들깨무채국,조식
2026-08-25(화),목살버섯두루치기,조식
2026-08-25(화),감자간장조림,조식
2026-08-25(화),배추김치,조식
2026-08-26(수),바질치즈치아바타,조식
2026-08-26(수),단호박샐러드,조식
2026-08-26(수),망고큐브젤리,조식
2026-08-26(수),시리얼,조식
2026-08-26(수),모듬피클,조식
2026-08-26(수),우유,조식
2026-08-27(목),쌀밥,조식
2026-08-27(목),콩나물김치국,조식
2026-08-27(목),비엔나구이&케찹,조식
2026-08-27(목),두부조림,조식
2026-08-27(목),가공우유,조식
2026-08-27(목),백김치,조식
2026-08-28(금),쌀밥,조식
2026-08-28(금),조갯살미역국,조식
2026-08-28(금),오징어볶음,조식
2026-08-28(금),밥싸먹는햄,조식
2026-08-28(금),배추김치,조식
2026-08-28(금),우유,조식
2026-08-29(토),뉴욕핫도그,조식
2026-08-29(토),초코머핀,조식
2026-08-29(토),타코샐러드,조식
2026-08-29(토),시리얼,조식
2026-08-29(토),할라피뇨피클,조식
2026-08-29(토),우유,조식
2026-08-30(일),쌀밥,조식
2026-08-30(일),쇠고기무국,조식
2026-08-30(일),떡갈비칠리조림,조식
2026-08-30(일),땅콩조림,조식
2026-08-30(일),토핑형발효유,조식
2026-08-30(일),배추김치,조식
2026-08-31(월),사골떡만둣국,조식
2026-08-31(월),쌀밥,조식
2026-08-31(월),분홍소세지전,조식
2026-08-31(월),오징어젓무침,조식
2026-08-31(월),배추김치,조식
2026-08-31(월),우유,조식
2026-07-01(수),에그마요모닝빵,조식
2026-07-01(수),후랑크소시지구이,조식
2026-07-01(수),오이피클,조식
2026-07-01(수),시리얼,조식
2026-07-01(수),단호박샐러드,조식
2026-07-01(수),우유,조식
2026-07-02(목),사골떡만둣국,조식
2026-07-02(목),쌀밥,조식
2026-07-02(목),돈육김치볶음,조식
2026-07-02(목),쇠고기장조림,조식
2026-07-02(목),두부양념장,조식
2026-07-02(목),우유,조식
2026-07-03(금),쌀밥,조식
2026-07-03(금),샤브샤브국,조식
2026-07-03(금),오징어실채볶음,조식
2026-07-03(금),비엔나소시지케찹볶음,조식
2026-07-03(금),배추김치,조식
2026-07-03(금),바나나,조식
2026-07-04(토),치킨브리또,조식
2026-07-04(토),쇠고기스프,조식
2026-07-04(토),시저샐러드,조식
2026-07-04(토),시리얼,조식
2026-07-04(토),스콘,조식
2026-07-04(토),우유,조식
2026-07-05(일),쌀밥,조식
2026-07-05(일),돼지고기김치찌개,조식
2026-07-05(일),김자반,조식
2026-07-05(일),밥싸먹는햄,조식
2026-07-05(일),계란말이,조식
2026-07-05(일),우유,조식
2026-07-06(월),장조림버터비빔밥,조식
2026-08-12(수),우유,조식
2026-08-13(목),쌀밥,조식
2026-08-13(목),맑은배추국,조식
2026-08-13(목),계란말이,조식
2026-08-13(목),무말랭이무침,조식
2026-08-13(목),쇠고기부추무침,조식
2026-08-13(목),우유,조식
2026-08-14(금),쌀밥,조식
2026-08-14(금),백짬뽕국,조식
2026-08-14(금),돈육메추리알장조림,조식
2026-08-14(금),진미채고추장조림,조식
2026-08-14(금),배추김치,조식
2026-08-14(금),두유음료,조식
2026-08-15(토),피자브리또,조식
2026-08-15(토),쇠고기스프,조식
2026-08-15(토),태극기마카롱,조식
2026-08-15(토),시리얼,조식
2026-08-15(토),만다린샐러드,조식
2026-08-15(토),우유,조식
2026-08-16(일),쌀밥,조식
2026-08-16(일),순두부찌개,조식
2026-08-16(일),감자채볶음,조식
2026-08-16(일),파인애플함박조림,조식
2026-08-16(일),짜먹는발효유,조식
2026-08-16(일),배추김치,조식
2026-08-17(월),쌀밥,조식
2026-08-17(월),쇠고기무국,조식
2026-08-17(월),흑마늘돈육야채볶음,조식
2026-08-17(월),사각어묵조림,조식
2026-08-17(월),가공우유,조식
2026-08-17(월),배추김치,조식
2026-08-18(화),쌀밥,조식
2026-08-18(화),조갯살미역국,조식
2026-08-18(화),밥싸먹는훈제오리,조식
2026-08-18(화),라구미트볼조림,조식
2026-08-18(화),배추김치,조식
2026-08-18(화),우유,조식
2026-08-19(수),대파크림치즈베이글,조식
2026-08-19(수),햄에그롤,조식
2026-08-19(수),시리얼,조식
2026-08-19(수),황도샐러드,조식
2026-08-19(수),오이피클,조식
2026-08-19(수),우유,조식
2026-08-20(목),쌀밥,조식
2026-08-20(목),샤브샤브국,조식
2026-08-20(목),비엔나소시지케찹볶음,조식
2026-08-20(목),가공우유,조식
2026-08-20(목),감자샐러드,조식
2026-08-20(목),배추김치,조식
2026-08-21(금),쌀밥,조식
2026-08-21(금),감자돈육짜글이,조식
2026-08-21(금),견과류멸치볶음,조식
2026-08-21(금),김자반,조식
2026-08-21(금),너비아니구이&마늘후레에크,조식
2026-08-21(금),배추김치,조식
2026-08-21(금),우유,조식
2026-08-22(토),요거트볼,조식
2026-08-23(일),쌀밥,조식
2026-08-23(일),전주식콩나물국,조식
2026-08-23(일),떡갈비데리야끼조림,조식
2026-08-23(일),명엽채고추장조림,조식
2026-08-23(일),배추김치,조식
2026-08-23(일),우유,조식
2026-08-24(월),잠봉뵈르샌드위치,조식
2026-08-24(월),스크램블에그,조식
2026-08-24(월),시리얼,조식
2026-08-24(월),무피클,조식
2026-08-24(월),시저샐러드,조식
2026-08-24(월),우유,조식
2026-06-30(화),검은콩조림,조식
2026-06-30(화),가공우유,조식
2026-06-30(화),배추김치,조식
2026-08-01(토),베이컨토마토디럭스버거,조식
2026-08-01(토),갈릭스틱바게트,조식
2026-08-01(토),코울슬로,조식
2026-08-01(토),시리얼,조식
2026-08-01(토),우유,조식
2026-08-02(일),쌀밥,조식
2026-08-02(일),쇠고기미역국,조식
2026-08-02(일),계란찜,조식
2026-08-02(일),떡갈비데리야끼조림,조식
2026-08-02(일),배추김치,조식
2026-08-02(일),우유,조식
2026-08-03(월),장조림버터비빔밥,조식
2026-08-03(월),팽이버섯국,조식
2026-08-03(월),비엔나소시지야채볶음,조식
2026-08-03(월),마시는발효유,조식
2026-08-03(월),배추김치,조식
2026-08-04(화),쌀밥,조식
2026-08-04(화),두부고추장찌개,조식
2026-08-04(화),돈육마늘간장볶음,조식
2026-08-04(화),명엽채고추장조림,조식
2026-08-04(화),배추김치,조식
2026-08-05(수),샌드와플,조식
2026-08-05(수),스크램블에그,조식
2026-08-05(수),시리얼,조식
2026-08-05(수),무피클,조식
2026-08-05(수),잠봉뵈르샐러드,조식
2026-08-05(수),우유,조식
2026-08-06(목),쌀밥,조식
2026-08-06(목),꼬리곰탕,조식
2026-08-06(목),오징어어묵볶음,조식
2026-08-06(목),마늘쫑장아찌무침,조식
2026-08-06(목),가공우유,조식
2026-08-06(목),깍두기,조식
2026-08-07(금),쌀밥,조식
2026-08-07(금),샤브샤브국,조식
2026-08-07(금),스팸구이&케찹,조식
2026-08-07(금),계란장조림,조식
2026-08-07(금),배추김치,조식
2026-08-07(금),아오리사과,조식
2026-08-08(토),양송이스프,조식
2026-08-08(토),치킨파니니,조식
2026-08-08(토),딸기드레싱샐러드,조식
2026-08-08(토),카스테라,조식
2026-08-08(토),시리얼,조식
2026-08-08(토),우유,조식
2026-08-09(일),간장계란밥,조식
2026-08-09(일),쇠고기무국,조식
2026-08-09(일),직불떡갈비조림,조식
2026-08-09(일),떠먹는발효유,조식
2026-08-09(일),배추김치,조식
2026-08-10(월),누텔라토스트,조식
2026-08-10(월),페퍼로니샐러드,조식
2026-08-10(월),오이피클,조식
2026-08-10(월),마일드오믈렛,조식
2026-08-10(월),시리얼,조식
2026-08-10(월),우유,조식
2026-08-11(화),쌀밥,조식
2026-08-11(화),쇠고기미역국,조식
2026-08-11(화),참치야채볶음,조식
2026-08-11(화),밥싸먹는햄,조식
2026-08-11(화),배추김치,조식
2026-08-12(수),야채스프,조식
2026-08-12(수),시리얼,조식
2026-08-12(수),꽃맛살샐러드,조식
2026-08-12(수),무피클,조식
2026-08-12(수),포켓토스트,조식
2026-06-18(목),스팸구이&케찹,조식
2026-06-18(목),콩나물게맛살냉채,조식
2026-06-18(목),짜먹는발효유,조식
2026-06-18(목),배추김치,조식
2026-06-19(금),쌀밥,조식
2026-06-19(금),두부고추장찌개,조식
2026-06-19(금),흑마늘돈육야채볶음,조식
2026-06-19(금),쥐포조림,조식
2026-06-19(금),배추김치,조식
2026-06-19(금),두유음료,조식
2026-06-20(토),야끼소바빵,조식
2026-06-20(토),불고기오믈렛,조식
2026-06-20(토),야채샐러드,조식
2026-06-20(토),시리얼,조식
2026-06-20(토),우유,조식
2026-06-21(일),쌀밥,조식
2026-06-21(일),쇠고기미역국,조식
2026-06-21(일),밥싸먹는훈제오리,조식
2026-06-21(일),계란말이,조식
2026-06-21(일),토핑형발효유,조식
2026-06-21(일),배추김치,조식
2026-06-22(월),쌀밥,조식
2026-06-22(월),유부주머니어묵탕,조식
2026-06-22(월),땅콩조림,조식
2026-06-22(월),파인애플함박조림,조식
2026-06-22(월),시리얼,조식
2026-06-22(월),배추김치,조식
2026-06-22(월),우유,조식
2026-06-23(화),쌀밥,조식
2026-06-23(화),사골곰탕,조식
2026-06-23(화),마늘김치두루치기,조식
2026-06-23(화),연두부양념장,조식
2026-06-23(화),무말랭이무침,조식
2026-06-23(화),가공우유,조식
2026-06-24(수),스크램블에그,조식
2026-06-24(수),시리얼,조식
2026-06-24(수),단호박샐러드,조식
2026-06-24(수),무피클,조식
2026-06-24(수),깔조네,조식
2026-06-24(수),우유,조식
2026-06-25(목),장조림버터비빔밥,조식
2026-06-25(목),순두부국,조식
2026-06-25(목),베이컨감자채볶음,조식
2026-06-25(목),양념깻잎지무침,조식
2026-06-25(목),배추김치,조식
2026-06-25(목),우유,조식
2026-06-26(금),쌀밥,조식
2026-06-26(금),바지락된장찌개,조식
2026-06-26(금),쇠고기고추장불고기,조식
2026-06-26(금),진미채간장조림,조식
2026-06-26(금),가공우유,조식
2026-06-26(금),배추김치,조식
2026-06-27(토),마일드오믈렛,조식
2026-06-27(토),시리얼,조식
2026-06-27(토),우유,조식
2026-06-28(일),간장계란밥,조식
2026-06-28(일),쇠고기무국,조식
2026-06-28(일),김자반,조식
2026-06-28(일),떡갈비칠리조림,조식
2026-06-28(일),배추김치,조식
2026-06-28(일),우유,조식
2026-06-29(월),쇠고기죽,조식
2026-06-29(월),진미채고추장조림,조식
2026-06-29(월),무말랭이무침,조식
2026-06-29(월),인절미오믈렛,조식
2026-06-29(월),우유,조식
2026-06-30(화),쌀밥,조식
2026-06-30(화),얼큰어묵국,조식
2026-06-30(화),돈육마늘간장볶음,조식
2026-06-06(토),시리얼,조식
2026-06-06(토),우유,조식
2026-06-07(일),쌀밥,조식
2026-06-07(일),사골떡국,조식
2026-06-07(일),너비아니구이,조식
2026-06-07(일),오이양파무침,조식
2026-06-07(일),가공우유,조식
2026-06-07(일),배추김치,조식
2026-06-08(월),쌀밥,조식
2026-06-08(월),쇠고기무국,조식
2026-06-08(월),밥싸먹는햄,조식
2026-06-08(월),불고기오믈렛,조식
2026-06-08(월),시리얼,조식
2026-06-08(월),배추김치,조식
2026-06-08(월),우유,조식
2026-06-09(화),쌀밥,조식
2026-06-09(화),조갯살미역국,조식
2026-06-09(화),돼지불고기,조식
2026-06-09(화),간장깻잎지,조식
2026-06-09(화),배추김치,조식
2026-06-09(화),우유,조식
2026-06-10(수),불고기치아바타,조식
2026-06-10(수),양송이스프,조식
2026-06-10(수),참치샐러드,조식
2026-06-10(수),시리얼,조식
2026-06-10(수),모듬피클,조식
2026-06-10(수),우유,조식
2026-06-11(목),쌀밥,조식
2026-06-11(목),물만두국,조식
2026-06-11(목),닭불구이&고구마무스,조식
2026-06-11(목),두부조림,조식
2026-06-11(목),배추김치,조식
2026-06-11(목),우유,조식
2026-06-12(금),쌀밥,조식
2026-06-12(금),감자양파찌개,조식
2026-06-12(금),흑마늘돈육야채볶음,조식
2026-06-12(금),명엽채고추장조림,조식
2026-06-12(금),떠먹는발효유,조식
2026-06-12(금),배추김치,조식
2026-06-13(토),불고기버거,조식
2026-06-13(토),야채샐러드,조식
2026-06-13(토),시리얼,조식
2026-06-13(토),오이피클,조식
2026-06-13(토),우유,조식
2026-06-14(일),쌀밥,조식
2026-06-14(일),시금치고추장찌개,조식
2026-06-14(일),비엔나소시지케찹볶음,조식
2026-06-14(일),계란찜,조식
2026-06-14(일),가공우유,조식
2026-06-14(일),배추김치,조식
2026-06-15(월),모듬피클,조식
2026-06-15(월),갈릭스파게티샐러드,조식
2026-06-15(월),콤비네이션피자,조식
2026-06-15(월),사과팬케이크,조식
2026-06-15(월),시리얼,조식
2026-06-15(월),우유,조식
2026-06-16(화),쌀밥,조식
2026-06-16(화),물만두국,조식
2026-06-16(화),직불떡갈비조림,조식
2026-06-16(화),견과류멸치볶음,조식
2026-06-16(화),배추김치,조식
2026-06-16(화),우유,조식
2026-06-17(수),치즈브리또,조식
2026-06-17(수),슈크림도넛,조식
2026-06-17(수),딸기드레싱샐러드,조식
2026-06-17(수),시리얼,조식
2026-06-17(수),무피클,조식
2026-06-17(수),우유,조식
2026-06-18(목),쌀밥,조식
2026-06-18(목),감자양파찌개,조식
2026-05-25(월),두부조림,조식
2026-05-25(월),시리얼,조식
2026-05-25(월),배추김치,조식
2026-05-25(월),우유,조식
2026-05-26(화),쌀밥,조식
2026-05-26(화),모듬어묵탕,조식
2026-05-26(화),스팸구이&케찹,조식
2026-05-26(화),진미채간장조림,조식
2026-05-26(화),떠먹는발효유,조식
2026-05-26(화),배추김치,조식
2026-05-27(수),도넛세트,조식
2026-05-27(수),스크램블에그,조식
2026-05-27(수),무피클,조식
2026-05-27(수),시리얼,조식
2026-05-27(수),단호박샐러드,조식
2026-05-27(수),우유,조식
2026-05-27(수),커피음료,조식
2026-05-28(목),간장계란밥,조식
2026-05-28(목),맑은쇠고기무국,조식
2026-05-28(목),감자채볶음,조식
2026-05-28(목),떡갈비칠리조림,조식
2026-05-28(목),깍두기,조식
2026-05-28(목),우유,조식
2026-05-29(금),쌀밥,조식
2026-05-29(금),조갯살미역국,조식
2026-05-29(금),쇠고기야채볶음,조식
2026-05-29(금),에그랑땡,조식
2026-05-29(금),무말랭이무침,조식
2026-05-29(금),바나나,조식
2026-05-30(토),잠봉뵈르샌드위치,조식
2026-05-30(토),야채스프,조식
2026-05-30(토),시저샐러드,조식
2026-05-30(토),시리얼,조식
2026-05-30(토),우유,조식
2026-05-31(일),장조림버터비빔밥,조식
2026-05-31(일),쇠고기애호박찌개,조식
2026-05-31(일),견과류멸치볶음,조식
2026-05-31(일),마일드오믈렛,조식
2026-05-31(일),배추김치,조식
2026-05-31(일),우유,조식
2026-06-01(월),에그마요모닝빵,조식
2026-06-01(월),후랑크소시지구이,조식
2026-06-01(월),시리얼,조식
2026-06-01(월),단호박샐러드,조식
2026-06-01(월),오이피클,조식
2026-06-01(월),우유,조식
2026-06-02(화),쌀밥,조식
2026-06-02(화),백짬뽕국,조식
2026-06-02(화),돈육김치볶음,조식
2026-06-02(화),검은콩조림,조식
2026-06-02(화),두부양념장,조식
2026-06-02(화),가공우유,조식
2026-06-03(수),야채스프,조식
2026-06-03(수),시리얼,조식
2026-06-03(수),시저샐러드,조식
2026-06-03(수),베이글샌드위치,조식
2026-06-03(수),모듬피클,조식
2026-06-03(수),우유,조식
2026-06-04(목),쌀밥,조식
2026-06-04(목),순두부국,조식
2026-06-04(목),모듬햄볶음,조식
2026-06-04(목),감자채볶음,조식
2026-06-04(목),배추김치,조식
2026-06-04(목),우유,조식
2026-06-05(금),쌀밥,조식
2026-06-05(금),조갯살미역국,조식
2026-06-05(금),야채고기말이,조식
2026-06-05(금),두부조림,조식
2026-06-05(금),무말랭이무침,조식
2026-06-05(금),마시는발효유,조식
2026-06-06(토),오렌지샐러드,조식
2026-05-13(수),베이글&크림치즈,조식
2026-05-13(수),청양고추소세지,조식
2026-05-13(수),무피클,조식
2026-05-13(수),고구마샐러드,조식
2026-05-13(수),시리얼,조식
2026-05-13(수),우유,조식
2026-05-14(목),간장계란밥,조식
2026-05-14(목),맑은콩나물국,조식
2026-05-14(목),비엔나소시지야채볶음,조식
2026-05-14(목),땅콩조림,조식
2026-05-14(목),마시는발효유,조식
2026-05-14(목),깍두기,조식
2026-05-15(금),쌀밥,조식
2026-05-15(금),감자양파찌개,조식
2026-05-15(금),스팸구이&케찹,조식
2026-05-15(금),쥐포조림,조식
2026-05-15(금),배추김치,조식
2026-05-15(금),우유,조식
2026-05-16(토),햄에그롤,조식
2026-05-16(토),치킨파니니,조식
2026-05-16(토),시리얼,조식
2026-05-16(토),타코샐러드,조식
2026-05-16(토),우유,조식
2026-05-17(일),쌀밥,조식
2026-05-17(일),맑은쇠고기무국,조식
2026-05-17(일),돈육김치볶음,조식
2026-05-17(일),베이컨감자채볶음,조식
2026-05-17(일),궁채장아찌,조식
2026-05-17(일),가공우유,조식
2026-05-18(월),불고기브리또,조식
2026-05-18(월),페퍼로니샐러드,조식
2026-05-18(월),양송이스프,조식
2026-05-18(월),시리얼,조식
2026-05-18(월),무피클,조식
2026-05-18(월),우유,조식
2026-05-19(화),쌀밥,조식
2026-05-19(화),모듬어묵탕,조식
2026-05-19(화),직불떡갈비조림,조식
2026-05-19(화),양념깻잎지무침,조식
2026-05-19(화),가공우유,조식
2026-05-19(화),배추김치,조식
2026-05-20(수),햄에그야채토스트,조식
2026-05-20(수),베이컨구이,조식
2026-05-20(수),단호박샐러드,조식
2026-05-20(수),시리얼,조식
2026-05-20(수),오이피클,조식
2026-05-20(수),우유,조식
2026-05-21(목),쌀밥,조식
2026-05-21(목),백짬뽕국,조식
2026-05-21(목),우삼겹숙주볶음,조식
2026-05-21(목),감자고추장조림,조식
2026-05-21(목),토핑형발효유,조식
2026-05-21(목),깍두기,조식
2026-05-22(금),장조림버터비빔밥,조식
2026-05-22(금),유부주머니어묵탕,조식
2026-05-22(금),떡갈비칠리조림,조식
2026-05-22(금),배추김치,조식
2026-05-22(금),우유,조식
2026-05-23(토),페퍼로니치아바타,조식
2026-05-23(토),스크램블에그,조식
2026-05-23(토),시리얼,조식
2026-05-23(토),리코타치즈샐러드,조식
2026-05-23(토),우유,조식
2026-05-24(일),쌀밥,조식
2026-05-24(일),전주식콩나물국,조식
2026-05-24(일),모듬햄볶음,조식
2026-05-24(일),오징어젓무침,조식
2026-05-24(일),가공우유,조식
2026-05-24(일),배추김치,조식
2026-05-25(월),쌀밥,조식
2026-05-25(월),감자양파찌개,조식
2026-05-25(월),밥싸먹는훈제오리,조식
2026-05-05(화),쌀밥,조식
2026-05-05(화),쇠고기무국,조식
2026-05-05(화),흑마늘돈육야채볶음,조식
2026-05-05(화),마늘쫑장아찌무침,조식
2026-05-05(화),배추김치,조식
2026-05-05(화),우유,조식
2026-05-06(수),페퍼로니샐러드,조식
2026-05-06(수),치킨브리또,조식
2026-05-06(수),쇠고기스프,조식
2026-05-06(수),무피클,조식
2026-05-06(수),시리얼,조식
2026-05-06(수),우유,조식
2026-05-07(목),쌀밥,조식
2026-05-07(목),샤브샤브국,조식
2026-05-07(목),비엔나소시지케찹볶음,조식
2026-05-07(목),검은콩조림,조식
2026-05-07(목),마시는발효유,조식
2026-05-07(목),배추김치,조식
2026-05-08(금),쌀밥,조식
2026-05-08(금),두부고추장찌개,조식
2026-05-08(금),견과류멸치볶음,조식
2026-05-08(금),돈육마늘간장볶음,조식
2026-05-08(금),배추김치,조식
2026-05-08(금),사과,조식
2026-05-09(토),불고기버거,조식
2026-05-09(토),야채샐러드,조식
2026-05-09(토),오이피클,조식
2026-05-09(토),시리얼,조식
2026-05-09(토),우유,조식
2026-05-10(일),쌀밥,조식
2026-05-10(일),물만두국,조식
2026-05-10(일),닭불구이&고구마무스,조식
2026-05-10(일),진미채고추장조림,조식
2026-05-10(일),가공우유,조식
2026-05-01(금),돼지고기무찌개,조식
2026-05-01(금),감자채볶음,조식
2026-05-01(금),참치김치볶음,조식
2026-05-01(금),궁채장아찌,조식
2026-05-01(금),가공우유,조식
2026-05-02(토),치킨타코,조식
2026-05-02(토),스크램블에그,조식
2026-05-02(토),옥수수콘스프,조식
2026-05-02(토),시리얼,조식
2026-05-02(토),우유,조식
2026-05-03(일),쌀밥,조식
2026-05-03(일),유부주머니어묵탕,조식
2026-05-03(일),밥싸먹는햄,조식
2026-05-03(일),가공우유,조식
2026-05-03(일),마일드오믈렛,조식
2026-05-03(일),배추김치,조식
2026-05-04(월),시리얼,조식
2026-05-04(월),참치샐러드,조식
2026-05-04(월),크로크무슈,조식
2026-05-04(월),치즈어묵바,조식
2026-05-04(월),오이피클,조식
2026-05-04(월),우유,조식
2026-05-01(금),쌀밥,조식
2026-05-10(일),배추김치,조식
2026-05-11(월),쌀밥,조식
2026-05-11(월),오징어무국,조식
2026-05-11(월),베이컨야채볶음,조식
2026-05-11(월),간장깻잎지,조식
2026-05-11(월),시리얼,조식
2026-05-11(월),배추김치,조식
2026-05-11(월),우유,조식
2026-05-12(화),쌀밥,조식
2026-05-12(화),조갯살미역국,조식
2026-05-12(화),돈육김치볶음,조식
2026-05-12(화),계란장조림,조식
2026-05-12(화),스틱김자반,조식
2026-05-12(화),우유,조식
2026-09-24(목),닭고기육개장,중식
2026-09-24(목),쇠고기육전,중식
2026-09-24(목),도라지무침,중식
2026-09-24(목),약과,중식
2026-09-24(목),배추김치,중식
2026-09-25(금),쌀밥,중식
2026-09-25(금),맑은쇠고기무국,중식
2026-09-25(금),잡채,중식
2026-09-25(금),돼지갈비찜,중식
2026-09-25(금),삼색송편,중식
2026-09-25(금),배추김치,중식
2026-09-26(토),족발,중식
2026-09-26(토),비빔막국수,중식
2026-09-26(토),양파간장절임,중식
2026-09-26(토),매실에이드,중식
2026-09-26(토),유과,중식
2026-09-26(토),배추김치,중식
2026-09-27(일),허브치킨마요덮밥,중식
2026-09-27(일),유부주머니어묵탕,중식
2026-09-27(일),단무지무침,중식
2026-09-27(일),만다린샐러드,중식
2026-09-27(일),자두에이드,중식
2026-09-27(일),배추김치,중식
2026-09-28(월),쌀밥,중식
2026-09-28(월),순대국,중식
2026-09-28(월),부추전,중식
2026-09-28(월),오징어야채무침,중식
2026-09-28(월),요구르트,중식
2026-09-28(월),배추김치,중식
2026-09-29(화),카오팟무쌉,중식
2026-09-29(화),샤브샤브국,중식
2026-09-29(화),고기짜조,중식
2026-09-29(화),매운락교무침,중식
2026-09-29(화),망고큐브&연유,중식
2026-09-29(화),배추김치,중식
2026-09-30(수),잡곡밥,중식
2026-09-30(수),돼지고기김치찌개,중식
2026-09-30(수),쇠고기야채볶음,중식
2026-09-30(수),두부조림,중식
2026-09-30(수),매실장아찌무침,중식
2026-09-30(수),동아오츠카포카리스웨트340ml 캔,중식
2026-09-12(토),큐브스테이크,중식
2026-09-12(토),커피음료,중식
2026-09-13(일),쌀밥,중식
2026-09-13(일),맑은콩나물국,중식
2026-09-13(일),춘천닭갈비,중식
2026-09-13(일),콘치즈오븐구이,중식
2026-09-13(일),깻잎무쌈,중식
2026-09-13(일),배추김치,중식
2026-09-13(일),우유,중식
2026-09-14(월),잡곡밥,중식
2026-09-14(월),쇠고기미역국,중식
2026-09-14(월),감자채볶음,중식
2026-09-14(월),삼겹살김치찜,중식
2026-09-14(월),매실장아찌무침,중식
2026-09-14(월),짜먹는발효유,중식
2026-09-15(화),새우볶음밥,중식
2026-09-15(화),팽이버섯국,중식
2026-09-15(화),지파이,중식
2026-09-15(화),파인애플샐러드,중식
2026-09-15(화),배추김치,중식
2026-09-15(화),상온주스,중식
2026-09-16(수),흑미밥,중식
2026-09-16(수),부대찌개,중식
2026-09-16(수),가자미구이,중식
2026-09-16(수),실곤약야채무침,중식
2026-09-16(수),고들빼기김치,중식
2026-09-16(수),두유음료,중식
2026-09-17(목),불고기참나물파스타,중식
2026-09-17(목),알감자버터구이,중식
2026-09-17(목),참깨드레싱샐러드,중식
2026-09-17(목),아이스홍시,중식
2026-09-17(목),무피클,중식
2026-09-17(목),배추김치,중식
2026-09-18(금),잡곡밥,중식
2026-09-18(금),파송송계란국,중식
2026-09-18(금),단호박튀김,중식
2026-09-18(금),해물찜,중식
2026-09-18(금),배추김치,중식
2026-09-18(금),사인머스켓,중식
2026-09-19(토),푸팟퐁커리,중식
2026-09-19(토),옥수수콘소시지,중식
2026-09-19(토),무피클,중식
2026-09-19(토),청량음료,중식
2026-09-20(일),쌀밥,중식
2026-09-20(일),스팸짜글이,중식
2026-09-20(일),닭순살야채조림,중식
2026-09-20(일),양념깻잎지무침,중식
2026-09-20(일),배추김치,중식
2026-09-21(월),마파두부덮밥,중식
2026-09-21(월),중화식계란탕,중식
2026-09-21(월),짬뽕만두찜,중식
2026-09-21(월),마늘쫑장아찌무침,중식
2026-09-21(월),얼려먹는요구르트,중식
2026-09-21(월),배추김치,중식
2026-09-22(화),쫄면,중식
2026-09-22(화),불고기고로케,중식
2026-09-22(화),단무지무침,중식
2026-09-22(화),단호박스프,중식
2026-09-22(화),배추김치,중식
2026-09-22(화),아이스크림,중식
2026-09-23(수),치자밥,중식
2026-09-23(수),꽃게탕,중식
2026-09-23(수),계란볶이,중식
2026-09-23(수),새송이떡갈비구이,중식
2026-09-23(수),배추김치,중식
2026-09-23(수),상온주스,중식
2026-09-24(목),쌀밥,중식
2026-07-31(금),파송송계란국,중식
2026-07-31(금),아귀순살콩나물찜,중식
2026-07-31(금),고기굴림만두,중식
2026-07-31(금),배추김치,중식
2026-07-31(금),복숭아,중식
2026-09-01(화),흑미밥,중식
2026-09-01(화),참치김치찌개,중식
2026-09-01(화),고등어필렛튀김,중식
2026-09-01(화),단호박사태찜,중식
2026-09-01(화),오이풋고추&쌈장,중식
2026-09-01(화),요구르트,중식
2026-09-02(수),잡곡밥,중식
2026-09-02(수),올갱이해장국,중식
2026-09-02(수),청양풍닭볶음,중식
2026-09-02(수),초당옥수수전,중식
2026-09-02(수),배추김치,중식
2026-09-02(수),아이스샌드,중식
2026-09-03(목),쌀밥,중식
2026-09-03(목),들기름막국수,중식
2026-09-03(목),족발,중식
2026-09-03(목),모듬쌈,중식
2026-09-03(목),보쌈김치,중식
2026-09-03(목),배,중식
2026-09-04(금),흑미밥,중식
2026-09-04(금),콩나물냉국,중식
2026-09-04(금),순대곱창야채볶음,중식
2026-09-04(금),닭똥집튀김,중식
2026-09-04(금),배추김치,중식
2026-09-04(금),멜론,중식
2026-09-05(토),마크니커리덮밥,중식
2026-09-05(토),탄두리치킨,중식
2026-09-05(토),모듬피클,중식
2026-09-05(토),동아오츠카포카리스웨트340ml 캔,중식
2026-09-06(일),쌀밥,중식
2026-09-06(일),쇠고기미역국,중식
2026-09-06(일),오리고추장주물럭,중식
2026-09-06(일),계란찜,중식
2026-09-06(일),쌈무,중식
2026-09-06(일),배추김치,중식
2026-09-06(일),상온주스,중식
2026-09-07(월),흑미밥,중식
2026-09-07(월),모듬어묵탕,중식
2026-09-07(월),버터플라이새우튀김,중식
2026-09-07(월),분모자안동찜닭,중식
2026-09-07(월),망고큐브젤리,중식
2026-09-07(월),배추김치,중식
2026-09-08(화),잡곡밥,중식
2026-09-08(화),물만두국,중식
2026-09-08(화),매운돼지갈비찜,중식
2026-09-08(화),연두부양념장,중식
2026-09-08(화),레몬에이드,중식
2026-09-08(화),배추김치,중식
2026-09-09(수),김가루밥,중식
2026-09-09(수),팽이버섯국,중식
2026-09-09(수),반마리통닭,중식
2026-09-09(수),치킨무,중식
2026-09-09(수),만다린샐러드,중식
2026-09-09(수),배추김치,중식
2026-09-09(수),청량음료,중식
2026-09-10(목),쌀밥,중식
2026-09-10(목),냉짬뽕,중식
2026-09-10(목),만두유린기,중식
2026-09-10(목),단무지,중식
2026-09-10(목),배추김치,중식
2026-09-10(목),포도,중식
2026-09-11(금),우삼겹부추비빔밥,중식
2026-09-11(금),들깨미역국,중식
2026-09-11(금),견과류멸치볶음,중식
2026-09-11(금),두부조림,중식
2026-09-11(금),배추김치,중식
2026-09-11(금),사과,중식
2026-07-19(일),쌀밥,중식
2026-07-19(일),맑은콩나물국,중식
2026-07-19(일),청양풍닭볶음,중식
2026-07-19(일),분홍소세지전,중식
2026-07-19(일),배추김치,중식
2026-07-20(월),옥수수밥,중식
2026-07-20(월),두부고추장찌개,중식
2026-07-20(월),느타리애호박볶음,중식
2026-07-20(월),돼지갈비찜,중식
2026-07-20(월),배추김치,중식
2026-07-20(월),대상,중식
2026-07-21(화),오므라이스,중식
2026-07-21(화),우동국물,중식
2026-07-21(화),갈릭함박스테이크,중식
2026-07-21(화),망고샐러드,중식
2026-07-21(화),배추김치,중식
2026-07-21(화),아이스샌드,중식
2026-07-22(수),잡곡밥,중식
2026-07-22(수),강된장찌개,중식
2026-07-22(수),돈육김치볶음,중식
2026-07-22(수),깻잎튀김,중식
2026-07-22(수),매실장아찌무침,중식
2026-07-22(수),에그타르트,중식
2026-07-23(목),콩국수,중식
2026-07-23(목),오징어야채무침,중식
2026-07-23(목),간장무채장아찌무침,중식
2026-07-23(목),호박인절미,중식
2026-07-23(목),열무김치,중식
2026-07-24(금),장어구이덮밥,중식
2026-07-24(금),유부장국,중식
2026-07-24(금),가쓰오계란말이,중식
2026-07-24(금),매운락교무침,중식
2026-07-24(금),배추김치,중식
2026-07-24(금),수박,중식
2026-07-25(토),큐브스테이크,중식
2026-07-25(토),오이피클,중식
2026-07-25(토),모카번,중식
2026-07-25(토),청량음료,중식
2026-07-26(일),쌀밥,중식
2026-07-26(일),쇠고기육개장,중식
2026-07-26(일),닭순살묵은지찜,중식
2026-07-26(일),조미김,중식
2026-07-26(일),베이컨감자전,중식
2026-07-27(월),마제소바덮밥,중식
2026-07-27(월),조갯살미역국,중식
2026-07-27(월),치즈스테이크볼꽂이,중식
2026-07-27(월),치커리유자무침,중식
2026-07-27(월),배추김치,중식
2026-07-28(화),곤드레나물밥,중식
2026-07-28(화),팽이버섯국,중식
2026-07-28(화),닭똥집튀김,중식
2026-07-28(화),양파간장절임,중식
2026-07-28(화),자두에이드,중식
2026-07-28(화),배추김치,중식
2026-07-29(수),잡곡밥,중식
2026-07-29(수),사골곰탕,중식
2026-07-29(수),쇠고기불고기,중식
2026-07-29(수),실곤약야채무침,중식
2026-07-29(수),배추김치,중식
2026-07-29(수),아이스크림 팩형,중식
2026-07-30(목),쌀밥,중식
2026-07-30(목),데친오징어물회,중식
2026-07-30(목),새우튀김,중식
2026-07-30(목),야채스틱,중식
2026-07-30(목),배추김치,중식
2026-07-30(목),자두,중식
2026-07-31(금),잡곡밥,중식
2026-07-06(월),팽이버섯국,중식
2026-07-06(월),블랙치킨,중식
2026-07-06(월),치킨무,중식
2026-07-06(월),만다린샐러드,중식
2026-07-06(월),배추김치,중식
2026-07-06(월),청량음료,중식
2026-07-07(화),햄야채볶음밥,중식
2026-07-07(화),순두부찌개,중식
2026-07-07(화),유산슬,중식
2026-07-07(화),매실장아찌무침,중식
2026-07-07(화),파인애플스틱,중식
2026-07-07(화),배추김치,중식
2026-07-08(수),잡곡밥,중식
2026-07-08(수),올갱이해장국,중식
2026-07-08(수),느타리애호박볶음,중식
2026-07-08(수),등갈비김치찜,중식
2026-07-08(수),고들빼기김치,중식
2026-07-09(목),스파게티,중식
2026-07-09(목),대파크림치즈돈가스,중식
2026-07-09(목),모듬피클,중식
2026-07-09(목),청포도에이드,중식
2026-07-09(목),유자드레싱샐러드,중식
2026-07-09(목),배추김치,중식
2026-07-09(목),동아오츠카 나랑드사이다 180ml 캔,중식
2026-07-10(금),흑미밥,중식
2026-07-10(금),도토리묵냉국,중식
2026-07-10(금),마늘보쌈,중식
2026-07-10(금),명이나물절임,중식
2026-07-10(금),배추김치,중식
2026-07-10(금),수박,중식
2026-07-11(토),버팔로윙봉,중식
2026-07-11(토),무피클,중식
2026-07-11(토),동아오츠카 나랑드사이다 180ml 캔,중식
2026-07-12(일),쌀밥,중식
2026-07-12(일),쇠고기미역국,중식
2026-07-12(일),춘천닭갈비,중식
2026-07-12(일),콘치즈오븐구이,중식
2026-07-12(일),쌈무,중식
2026-07-12(일),배추김치,중식
2026-07-13(월),잡곡밥,중식
2026-07-13(월),꽃게탕,중식
2026-07-13(월),참치김치볶음,중식
2026-07-13(월),허니버터연근강정,중식
2026-07-13(월),계란찜,중식
2026-07-13(월),복숭아아이스티,중식
2026-07-14(화),자장밥,중식
2026-07-14(화),해물순두부찌개,중식
2026-07-14(화),꿔바로우,중식
2026-07-14(화),단무지무침,중식
2026-07-14(화),배추김치,중식
2026-07-15(수),삼계탕,중식
2026-07-15(수),찹쌀밥,중식
2026-07-15(수),해물파전,중식
2026-07-15(수),오이풋고추&쌈장,중식
2026-07-15(수),배추김치,중식
2026-07-15(수),수박,중식
2026-07-16(목),흑미밥,중식
2026-07-16(목),파송송계란국,중식
2026-07-16(목),납작만두,중식
2026-07-16(목),냉채족발,중식
2026-07-16(목),양배추쌈,중식
2026-07-16(목),미숫가루,중식
2026-07-16(목),배추김치,중식
2026-07-17(금),차슈덮밥,중식
2026-07-17(금),팽이버섯국,중식
2026-07-17(금),소떡소떡,중식
2026-07-17(금),실곤약야채무침,중식
2026-07-17(금),배추김치,중식
2026-07-18(토),치킨스테이크,중식
2026-07-18(토),할라피뇨피클,중식
2026-07-18(토),청량음료,중식
2026-08-25(화),김치말이국수,중식
2026-08-25(화),연탄불고기,중식
2026-08-25(화),녹두전,중식
2026-08-25(화),고들빼기김치,중식
2026-08-25(화),커피음료,중식
2026-08-26(수),전복장덮밥,중식
2026-08-26(수),쇠고기미역국,중식
2026-08-26(수),장어순살강정,중식
2026-08-26(수),오이양파무침,중식
2026-08-26(수),오미자주스,중식
2026-08-26(수),배추김치,중식
2026-08-27(목),옥수수밥,중식
2026-08-27(목),파송송계란국,중식
2026-08-27(목),춘천닭갈비,중식
2026-08-27(목),깻잎무쌈,중식
2026-08-27(목),꽃맛살샐러드,중식
2026-08-27(목),배추김치,중식
2026-08-27(목),포도,중식
2026-08-28(금),흑미밥,중식
2026-08-28(금),도토리묵냉국,중식
2026-08-28(금),주꾸미돈육볶음,중식
2026-08-28(금),양배추쌈,중식
2026-08-28(금),얼려먹는요구르트,중식
2026-08-28(금),배추김치,중식
2026-08-29(토),버팔로윙봉,중식
2026-08-29(토),청량음료,중식
2026-08-30(일),쌀밥,중식
2026-08-30(일),햄치즈순두부찌개,중식
2026-08-30(일),소불고기당면볶음,중식
2026-08-30(일),계란말이,중식
2026-08-30(일),배추김치,중식
2026-08-31(월),쌀밥,중식
2026-08-31(월),짬뽕찌개,중식
2026-08-31(월),동파육,중식
2026-08-31(월),단무지무침,중식
2026-08-31(월),쉬림프샤오마니,중식
2026-08-31(월),배추김치,중식
2026-08-31(월),청량음료,중식
2026-07-01(수),흑미밥,중식
2026-07-01(수),짬뽕찌개,중식
2026-07-01(수),고추잡채&꽃빵,중식
2026-07-01(수),마늘쫑장아찌무침,중식
2026-07-01(수),가공우유,중식
2026-07-01(수),배추김치,중식
2026-07-02(목),메밀소바,중식
2026-07-02(목),멘츠카츠,중식
2026-07-02(목),락교&산고추절임,중식
2026-07-02(목),참깨드레싱샐러드,중식
2026-07-02(목),배추김치,중식
2026-07-02(목),블루베리,중식
2026-07-03(금),잡곡밥,중식
2026-07-03(금),강된장찌개,중식
2026-07-03(금),족발,중식
2026-07-03(금),모듬쌈,중식
2026-07-03(금),실곤약야채무침,중식
2026-07-03(금),배추김치,중식
2026-07-03(금),대상,중식
2026-07-04(토),큐브스테이크,중식
2026-07-04(토),모듬피클,중식
2026-07-04(토),동아오츠카포카리스웨트340ml 캔,중식
2026-07-05(일),쌀밥,중식
2026-07-05(일),물만두국,중식
2026-07-05(일),돈육청경채볶음,중식
2026-07-05(일),오이양파무침,중식
2026-07-05(일),배추김치,중식
2026-07-06(월),김가루밥,중식
2026-08-12(수),배추김치,중식
2026-08-13(목),연탄불고기비빔밥,중식
2026-08-13(목),팽이버섯국,중식
2026-08-13(목),견과류멸치볶음,중식
2026-08-13(목),야채튀김,중식
2026-08-13(목),복숭아요거트,중식
2026-08-13(목),배추김치,중식
2026-08-14(금),초계국수,중식
2026-08-14(금),찐옥수수,중식
2026-08-14(금),해물파전,중식
2026-08-14(금),배추겉절이,중식
2026-08-14(금),오징어젓무침,중식
2026-08-15(토),돼지목살스테이크,중식
2026-08-15(토),자몽허니블랙티,중식
2026-08-15(토),모듬피클,중식
2026-08-16(일),쌀밥,중식
2026-08-16(일),오므라이스,중식
2026-08-16(일),유부장국,중식
2026-08-16(일),자메이카통닭다리,중식
2026-08-16(일),콩나물게맛살냉채,중식
2026-08-16(일),배추김치,중식
2026-08-16(일),젤리류,중식
2026-08-17(월),쌀밥,중식
2026-08-17(월),들깨무채국,중식
2026-08-17(월),쇠고기고추장불고기,중식
2026-08-17(월),에그랑땡,중식
2026-08-17(월),배추김치,중식
2026-08-18(화),흑미밥,중식
2026-08-18(화),등뼈감자탕,중식
2026-08-18(화),계란장조림,중식
2026-08-18(화),오이풋고추된장무침,중식
2026-08-18(화),배추김치,중식
2026-08-18(화),아이스크림,중식
2026-08-19(수),병아리콩밥,중식
2026-08-19(수),모듬어묵탕,중식
2026-08-19(수),해물찜,중식
2026-08-19(수),부추전,중식
2026-08-19(수),배추김치,중식
2026-08-19(수),팥빙수,중식
2026-08-19(수),우유,중식
2026-08-20(목),잡곡밥,중식
2026-08-20(목),오이미역냉국,중식
2026-08-20(목),마늘보쌈,중식
2026-08-20(목),모듬쌈,중식
2026-08-20(목),명이나물절임,중식
2026-08-20(목),보쌈김치,중식
2026-08-20(목),사인머스켓,중식
2026-08-21(금),돈육잡채덮밥,중식
2026-08-21(금),중화식계란탕,중식
2026-08-21(금),유린기,중식
2026-08-21(금),간장무채장아찌무침,중식
2026-08-21(금),수박주스,중식
2026-08-21(금),배추김치,중식
2026-08-22(토),쌀밥,중식
2026-08-22(토),차돌된장찌개,중식
2026-08-22(토),족발,중식
2026-08-22(토),로메인상추&쌈장,중식
2026-08-22(토),비빔막국수,중식
2026-08-22(토),배추김치,중식
2026-08-22(토),청량음료,중식
2026-08-23(일),쌀밥,중식
2026-08-23(일),사각어묵국,중식
2026-08-23(일),마늘김치두루치기,중식
2026-08-23(일),감자채전,중식
2026-08-23(일),마늘쫑장아찌무침,중식
2026-08-24(월),잡곡밥,중식
2026-08-24(월),올갱이해장국,중식
2026-08-24(월),콩나물잡채,중식
2026-08-24(월),안동찜닭,중식
2026-08-24(월),배추김치,중식
2026-08-24(월),대상,중식
2026-06-30(화),간장무채장아찌무침,중식
2026-06-30(화),배추김치,중식
2026-06-30(화),아이스크림 팩형,중식
2026-08-01(토),바베큐폭립,중식
2026-08-01(토),가쓰오계란말이,중식
2026-08-01(토),오이피클,중식
2026-08-01(토),청량음료,중식
2026-08-02(일),쌀밥,중식
2026-08-02(일),물만두국,중식
2026-08-02(일),제육볶음,중식
2026-08-02(일),상추겉절이,중식
2026-08-02(일),배추김치,중식
2026-08-03(월),치자밥,중식
2026-08-03(월),돼지고기김치찌개,중식
2026-08-03(월),잡채,중식
2026-08-03(월),가자미튀김,중식
2026-08-03(월),열무김치,중식
2026-08-03(월),우유,중식
2026-08-04(화),계란볶음밥,중식
2026-08-04(화),짬뽕찌개,중식
2026-08-04(화),맛쵸킹탕수육,중식
2026-08-04(화),배추김치,중식
2026-08-04(화),단무지,중식
2026-08-04(화),아이스크림 콘,중식
2026-08-05(수),흑미밥,중식
2026-08-05(수),순두부국,중식
2026-08-05(수),돼지갈비찜,중식
2026-08-05(수),에그랑땡,중식
2026-08-05(수),매실에이드,중식
2026-08-05(수),배추김치,중식
2026-08-06(목),메밀소바,중식
2026-08-06(목),후리가케밥,중식
2026-08-06(목),히레카츠,중식
2026-08-06(목),락교&산고추절임,중식
2026-08-06(목),오리엔탈샐러드,중식
2026-08-06(목),열무김치,중식
2026-08-06(목),멜론,중식
2026-08-07(금),잡곡밥,중식
2026-08-07(금),도토리묵냉국,중식
2026-08-07(금),돼지고기가지볶음,중식
2026-08-07(금),쫄면야채무침,중식
2026-08-07(금),배추김치,중식
2026-08-07(금),수박,중식
2026-08-08(토),큐브스테이크,중식
2026-08-08(토),모듬피클,중식
2026-08-08(토),동아오츠카포카리스웨트340ml 캔,중식
2026-08-09(일),쌀밥,중식
2026-08-09(일),쇠고기육개장,중식
2026-08-09(일),훈제오리,중식
2026-08-09(일),무쌈샐러드,중식
2026-08-09(일),배추김치,중식
2026-08-10(월),잡곡밥,중식
2026-08-10(월),두부된장찌개,중식
2026-08-10(월),계란찜,중식
2026-08-10(월),삼겹살김치찜,중식
2026-08-10(월),매실장아찌무침,중식
2026-08-10(월),대상,중식
2026-08-11(화),카레밥,중식
2026-08-11(화),우동국물,중식
2026-08-11(화),바베큐폭립,중식
2026-08-11(화),망고샐러드,중식
2026-08-11(화),가공우유,중식
2026-08-11(화),배추김치,중식
2026-08-12(수),흑미밥,중식
2026-08-12(수),꽃게탕,중식
2026-08-12(수),닭순살야채조림,중식
2026-08-12(수),베이컨감자전,중식
2026-08-12(수),레몬에이드,중식
2026-06-18(목),족발,중식
2026-06-18(목),오징어젓무침,중식
2026-06-18(목),모듬쌈,중식
2026-06-18(목),말차라떼,중식
2026-06-18(목),배추김치,중식
2026-06-19(금),잡곡밥,중식
2026-06-19(금),버섯된장찌개,중식
2026-06-19(금),닭장각부추찜,중식
2026-06-19(금),청포묵김무침,중식
2026-06-19(금),쑥떡,중식
2026-06-19(금),배추김치,중식
2026-06-20(토),르뱅쿠키,중식
2026-06-20(토),옥수수콘소시지,중식
2026-06-20(토),스포츠음료또는에너지음료,중식
2026-06-21(일),풀드포크덮밥,중식
2026-06-21(일),얼큰한오징어국,중식
2026-06-21(일),알감자버터구이,중식
2026-06-21(일),비엔나구이&케찹,중식
2026-06-21(일),배추김치,중식
2026-06-22(월),흑미밥,중식
2026-06-22(월),부대찌개,중식
2026-06-22(월),고등어필렛튀김,중식
2026-06-22(월),계란찜,중식
2026-06-22(월),배추김치,중식
2026-06-23(화),새우볶음밥,중식
2026-06-23(화),짬뽕찌개,중식
2026-06-23(화),볼어묵꽈리고추볶음,중식
2026-06-23(화),어향가지튀김,중식
2026-06-23(화),배추김치,중식
2026-06-23(화),동아오츠카 나랑드사이다 180ml 캔,중식
2026-06-24(수),잡곡밥,중식
2026-06-24(수),조갯살미역국,중식
2026-06-24(수),주꾸미돈육볶음,중식
2026-06-24(수),콘치즈오븐구이,중식
2026-06-24(수),깻잎무쌈,중식
2026-06-24(수),배추김치,중식
2026-06-24(수),아이스크림,중식
2026-06-25(목),셀프주먹밥,중식
2026-06-25(목),맑은쇠고기무국,중식
2026-06-25(목),볶음김치,중식
2026-06-25(목),한반도돈까스,중식
2026-06-25(목),쫄면야채무침,중식
2026-06-25(목),초코파이,중식
2026-06-26(금),흑미밥,중식
2026-06-26(금),맑은콩나물국,중식
2026-06-26(금),대패삼겹살&소시지구이,중식
2026-06-26(금),모듬쌈,중식
2026-06-26(금),배추김치,중식
2026-06-26(금),수박,중식
2026-06-27(토),스파게티,중식
2026-06-27(토),사쪽마늘빵,중식
2026-06-27(토),바베큐폭립,중식
2026-06-27(토),키위드레싱샐러드,중식
2026-06-27(토),모듬피클,중식
2026-06-27(토),청량음료,중식
2026-06-28(일),쌀밥,중식
2026-06-28(일),부대찌개,중식
2026-06-28(일),쇠고기불고기,중식
2026-06-28(일),김치만두찜,중식
2026-06-28(일),오이풋고추된장무침,중식
2026-06-29(월),완두콩밥,중식
2026-06-29(월),쇠고기미역국,중식
2026-06-29(월),춘천닭갈비,중식
2026-06-29(월),계란말이,중식
2026-06-29(월),무쌈샐러드,중식
2026-06-29(월),배추김치,중식
2026-06-29(월),주스,중식
2026-06-30(화),쌀밥,중식
2026-06-30(화),등뼈감자탕,중식
2026-06-30(화),두부강정,중식
2026-06-06(토),닭다리살구이,중식
2026-06-06(토),옥수수콘스프,중식
2026-06-06(토),무피클,중식
2026-06-06(토),태극기마카롱,중식
2026-06-06(토),배추김치,중식
2026-06-06(토),청량음료,중식
2026-06-07(일),족발덮밥,중식
2026-06-07(일),순두부찌개,중식
2026-06-07(일),분홍소세지전,중식
2026-06-07(일),마늘쫑장아찌무침,중식
2026-06-07(일),배추김치,중식
2026-06-08(월),쌀밥,중식
2026-06-08(월),부산식돼지국밥,중식
2026-06-08(월),비빔만두,중식
2026-06-08(월),해물파전,중식
2026-06-08(월),깍두기,중식
2026-06-08(월),커피음료,중식
2026-06-09(화),마크니커리,중식
2026-06-09(화),우동국물,중식
2026-06-09(화),블랙타이거새우튀김,중식
2026-06-09(화),리코타치즈샐러드,중식
2026-06-09(화),매실에이드,중식
2026-06-09(화),갈릭버터난,중식
2026-06-09(화),배추김치,중식
2026-06-10(수),잡곡밥,중식
2026-06-10(수),올갱이해장국,중식
2026-06-10(수),허니버터연근강정,중식
2026-06-10(수),닭순살묵은지찜,중식
2026-06-10(수),무말랭이무침,중식
2026-06-11(목),흑미밥,중식
2026-06-11(목),맑은콩나물국,중식
2026-06-11(목),마늘보쌈,중식
2026-06-11(목),모듬쌈,중식
2026-06-11(목),보쌈김치,중식
2026-06-11(목),수박,중식
2026-06-12(금),메밀소바,중식
2026-06-12(금),버터장조림주먹밥,중식
2026-06-12(금),멘츠카츠,중식
2026-06-12(금),블루베리드레싱샐러드,중식
2026-06-12(금),배추김치,중식
2026-06-12(금),멜론,중식
2026-06-13(토),큐브스테이크,중식
2026-06-13(토),치즈머핀,중식
2026-06-13(토),청량음료,중식
2026-06-14(일),쌀밥,중식
2026-06-14(일),파송송계란국,중식
2026-06-14(일),춘천닭갈비,중식
2026-06-14(일),콘치즈오븐구이,중식
2026-06-14(일),쌈무,중식
2026-06-14(일),배추김치,중식
2026-06-15(월),흑미밥,중식
2026-06-15(월),들깨무채국,중식
2026-06-15(월),고추튀김,중식
2026-06-15(월),해물찜,중식
2026-06-15(월),배추김치,중식
2026-06-15(월),농심,중식
2026-06-16(화),검은콩밥,중식
2026-06-16(화),쇠고기미역국,중식
2026-06-16(화),돼지불고기,중식
2026-06-16(화),오이풋고추&쌈장,중식
2026-06-16(화),양배추쌈,중식
2026-06-16(화),배추김치,중식
2026-06-17(수),잡곡밥,중식
2026-06-17(수),꽃게탕,중식
2026-06-17(수),베이컨감자전,중식
2026-06-17(수),쫄면야채무침,중식
2026-06-17(수),배추김치,중식
2026-06-17(수),아이스샌드,중식
2026-06-18(목),쌀밥,중식
2026-06-18(목),들기름칼국수,중식
2026-05-25(월),양배추쌈,중식
2026-05-25(월),사과에이드,중식
2026-05-25(월),배추김치,중식
2026-05-26(화),검은콩밥,중식
2026-05-26(화),꽃게탕,중식
2026-05-26(화),야채고기말이,중식
2026-05-26(화),도라지무침,중식
2026-05-26(화),딸기청,중식
2026-05-26(화),배추김치,중식
2026-05-26(화),우유,중식
2026-05-27(수),쌀밥,중식
2026-05-27(수),닭곰탕,중식
2026-05-27(수),비빔만두,중식
2026-05-27(수),부추전,중식
2026-05-27(수),오이풋고추&쌈장,중식
2026-05-27(수),오란다,중식
2026-05-27(수),배추김치,중식
2026-05-28(목),들기름막국수,중식
2026-05-28(목),쌀밥,중식
2026-05-28(목),족발,중식
2026-05-28(목),모듬쌈,중식
2026-05-28(목),명이나물절임,중식
2026-05-28(목),배추김치,중식
2026-05-28(목),수박,중식
2026-05-29(금),쌀밥,중식
2026-05-29(금),뼈없는감자탕,중식
2026-05-29(금),고등어필렛튀김,중식
2026-05-29(금),콩나물게맛살냉채,중식
2026-05-29(금),배추김치,중식
2026-05-29(금),참외,중식
2026-05-30(토),베이컨스크램블에그,중식
2026-05-30(토),모듬피클,중식
2026-05-30(토),갈배사이다 제로 355ml,중식
2026-05-31(일),푸팟퐁커리,중식
2026-05-31(일),우동국물,중식
2026-05-31(일),탄두리치킨,중식
2026-05-31(일),자두에이드,중식
2026-05-31(일),무피클,중식
2026-05-31(일),요거트드레싱샐러드,중식
2026-05-31(일),배추김치,중식
2026-06-01(월),잡곡밥,중식
2026-06-01(월),새우완탕,중식
2026-06-01(월),깐풍기,중식
2026-06-01(월),조미김,중식
2026-06-01(월),단무지무침,중식
2026-06-01(월),배추김치,중식
2026-06-02(화),햄야채볶음밥,중식
2026-06-02(화),양갈비스테이크,중식
2026-06-02(화),양송이스프,중식
2026-06-02(화),무피클,중식
2026-06-02(화),감자크래커범벅,중식
2026-06-02(화),배추김치,중식
2026-06-02(화),동아오츠카 나랑드사이다 180ml 캔,중식
2026-06-03(수),쌀밥,중식
2026-06-03(수),뼈없는감자탕,중식
2026-06-03(수),쇠고기고추장불고기,중식
2026-06-03(수),무쌈샐러드,중식
2026-06-03(수),배추김치,중식
2026-06-03(수),아이스크림 콘,중식
2026-06-04(목),전주비빔밥,중식
2026-06-04(목),두부된장찌개,중식
2026-06-04(목),메밀전병,중식
2026-06-04(목),계란후라이,중식
2026-06-04(목),배추김치,중식
2026-06-04(목),참외,중식
2026-06-05(금),쌀밥,중식
2026-06-05(금),콩나물냉국,중식
2026-06-05(금),주꾸미돈육볶음,중식
2026-06-05(금),단호박튀김,중식
2026-06-05(금),양배추쌈,중식
2026-06-05(금),배추김치,중식
2026-06-05(금),수박,중식
2026-06-06(토),오므라이스,중식
2026-05-13(수),잡곡밥,중식
2026-05-13(수),순두부찌개,중식
2026-05-13(수),허니버터연근강정,중식
2026-05-13(수),조미김,중식
2026-05-13(수),닭고기고추장조림,중식
2026-05-13(수),배추김치,중식
2026-05-14(목),감바스파스타,중식
2026-05-14(목),돼지목살스테이크,중식
2026-05-14(목),파인애플샐러드,중식
2026-05-14(목),모듬피클,중식
2026-05-14(목),배추김치,중식
2026-05-14(목),동아오츠카 나랑드사이다 180ml 캔,중식
2026-05-15(금),낙지생채소비빔밥,중식
2026-05-15(금),모듬어묵탕,중식
2026-05-15(금),견과류멸치볶음,중식
2026-05-15(금),날치알계란찜,중식
2026-05-15(금),쌀핫도그,중식
2026-05-15(금),배추김치,중식
2026-05-16(토),바베큐폭립,중식
2026-05-16(토),모듬피클,중식
2026-05-16(토),스포츠음료또는에너지음료,중식
2026-05-17(일),쌀밥,중식
2026-05-17(일),순두부국,중식
2026-05-17(일),춘천닭갈비,중식
2026-05-17(일),콘치즈오븐구이,중식
2026-05-17(일),쌈무,중식
2026-05-17(일),배추김치,중식
2026-05-18(월),검은콩밥,중식
2026-05-18(월),돼지고기김치찌개,중식
2026-05-18(월),참돔순살튀김,중식
2026-05-18(월),바싹불고기채소무침,중식
2026-05-18(월),매실장아찌무침,중식
2026-05-19(화),김치볶음밥,중식
2026-05-19(화),미소된장국,중식
2026-05-19(화),블랙통등심돈까스,중식
2026-05-19(화),계란후라이,중식
2026-05-19(화),참깨드레싱샐러드,중식
2026-05-19(화),아망추,중식
2026-05-19(화),배추김치,중식
2026-05-20(수),치자밥,중식
2026-05-20(수),올갱이해장국,중식
2026-05-20(수),안동찜닭,중식
2026-05-20(수),비엔나소시지떡강정,중식
2026-05-20(수),에그타르트,중식
2026-05-20(수),배추김치,중식
2026-05-21(목),육전물냉면,중식
2026-05-21(목),군만두,중식
2026-05-21(목),무말랭이무침,중식
2026-05-21(목),배추김치,중식
2026-05-21(목),수박,중식
2026-05-22(금),잡곡밥,중식
2026-05-22(금),맑은콩나물국,중식
2026-05-22(금),마늘보쌈,중식
2026-05-22(금),모듬쌈,중식
2026-05-22(금),배추김치,중식
2026-05-22(금),참외,중식
2026-05-23(토),큐브스테이크,중식
2026-05-23(토),모듬피클,중식
2026-05-23(토),청량음료,중식
2026-05-24(일),산채나물비빔밥,중식
2026-05-24(일),들깨무채국,중식
2026-05-24(일),쇠고기불고기,중식
2026-05-24(일),계란후라이,중식
2026-05-24(일),배추김치,중식
2026-05-25(월),쌀밥,중식
2026-05-25(월),차돌된장찌개,중식
2026-05-25(월),대패불고기,중식
2026-05-05(화),오므라이스,중식
2026-05-05(화),우동국물,중식
2026-05-05(화),바베큐폭립,중식
2026-05-05(화),망고샐러드,중식
2026-05-05(화),모듬피클,중식
2026-05-05(화),배추김치,중식
2026-05-05(화),동아오츠카 나랑드사이다 180ml 캔,중식
2026-05-06(수),흑미밥,중식
2026-05-06(수),등뼈감자탕,중식
2026-05-06(수),계란말이,중식
2026-05-06(수),실곤약야채무침,중식
2026-05-06(수),오이풋고추&쌈장,중식
2026-05-06(수),버터쿠키,중식
2026-05-06(수),배추김치,중식
2026-05-07(목),열무비빔국수,중식
2026-05-07(목),맑은콩나물국,중식
2026-05-07(목),연탄불고기,중식
2026-05-07(목),깻잎무쌈,중식
2026-05-07(목),대추방울토마토,중식
2026-05-08(금),고추잡채덮밥,중식
2026-05-08(금),짬뽕찌개,중식
2026-05-08(금),멘보샤,중식
2026-05-08(금),단무지,중식
2026-05-08(금),배추김치,중식
2026-05-08(금),상온주스,중식
2026-05-09(토),버팔로윙봉,중식
2026-05-09(토),초코슈,중식
2026-05-09(토),청량음료,중식
2026-05-10(일),쌀밥,중식
2026-05-10(일),맑은콩나물국,중식
2026-05-10(일),게맛살야채볶음,중식
2026-05-10(일),제육볶음,중식
2026-05-10(일),쌈무,중식
2026-05-01(금),쇠고기육개장,중식
2026-05-01(금),닭볶음탕,중식
2026-05-01(금),메추리알장조림,중식
2026-05-01(금),매실에이드,중식
2026-05-01(금),배추김치,중식
2026-05-02(토),큐브스테이크,중식
2026-05-02(토),모듬피클,중식
2026-05-02(토),청량음료,중식
2026-05-03(일),후리가케밥,중식
2026-05-03(일),탄두리치킨,중식
2026-05-03(일),양송이스프,중식
2026-05-03(일),무쌈샐러드,중식
2026-05-03(일),배추김치,중식
2026-05-04(월),중화비빔밥,중식
2026-05-04(월),물만두국,중식
2026-05-04(월),왕새우튀김,중식
2026-05-04(월),계란후라이,중식
2026-05-04(월),자몽허니블랙티,중식
2026-05-04(월),단무지,중식
2026-05-04(월),배추김치,중식
2026-05-01(금),잡곡밥,중식
2026-05-10(일),떠먹는발효유,중식
2026-05-10(일),배추김치,중식
2026-05-11(월),쌀밥,중식
2026-05-11(월),미나리곰탕,중식
2026-05-11(월),명란떡갈비,중식
2026-05-11(월),애호박전,중식
2026-05-11(월),야채스틱,중식
2026-05-11(월),깍두기,중식
2026-05-11(월),커피음료,중식
2026-05-12(화),옥수수밥,중식
2026-05-12(화),버섯된장찌개,중식
2026-05-12(화),돼지갈비찜,중식
2026-05-12(화),두부조림,중식
2026-05-12(화),배추김치,중식
2026-05-12(화),씨제이프레시웨이,중식
2026-09-24(목),부산식돼지국밥,석식
2026-09-24(목),애호박전,석식
2026-09-24(목),부추겉절이,석식
2026-09-24(목),배추김치,석식
2026-09-24(목),아이스샌드,석식
2026-09-25(금),쌀밥,석식
2026-09-25(금),뼈없는감자탕,석식
2026-09-25(금),깻잎전,석식
2026-09-25(금),고사리나물,석식
2026-09-25(금),배추김치,석식
2026-09-25(금),우유,석식
2026-09-26(토),쌀밥,석식
2026-09-26(토),순두부찌개,석식
2026-09-26(토),마늘불고기,석식
2026-09-26(토),실곤약야채무침,석식
2026-09-26(토),배추김치,석식
2026-09-26(토),사인머스켓,석식
2026-09-27(일),쌀밥,석식
2026-09-27(일),새우완탕,석식
2026-09-27(일),명란떡갈비,석식
2026-09-27(일),치커리사과무침,석식
2026-09-27(일),베이컨떡말이,석식
2026-09-27(일),배추김치,석식
2026-09-28(월),치킨버거,석식
2026-09-28(월),야채스프,석식
2026-09-28(월),허니버터콘립,석식
2026-09-28(월),오이피클,석식
2026-09-28(월),딸기드레싱샐러드,석식
2026-09-28(월),청량음료,석식
2026-09-29(화),쌀밥,석식
2026-09-29(화),무청시래기국,석식
2026-09-29(화),목살버섯두루치기,석식
2026-09-29(화),분홍소세지전,석식
2026-09-29(화),배추김치,석식
2026-09-29(화),젤리류,석식
2026-09-30(수),자장밥,석식
2026-09-30(수),짬뽕찌개,석식
2026-09-30(수),피자춘권,석식
2026-09-30(수),사과에이드,석식
2026-09-30(수),배추김치,석식
2026-09-30(수),단무지,석식
2026-09-12(토),유부비빔밥,석식
2026-09-12(토),감자양파찌개,석식
2026-09-12(토),고기말이폭찹,석식
2026-09-12(토),양파간장절임,석식
2026-09-12(토),연유아이스베리,석식
2026-09-12(토),배추김치,석식
2026-09-13(일),족발덮밥,석식
2026-09-13(일),미소된장국,석식
2026-09-13(일),무말랭이무침,석식
2026-09-13(일),자몽허니블랙티,석식
2026-09-13(일),꽃맛살샐러드,석식
2026-09-13(일),배추김치,석식
2026-09-14(월),후리가케밥,석식
2026-09-14(월),우동국물,석식
2026-09-14(월),허니간장누룽지치킨,석식
2026-09-14(월),치킨무,석식
2026-09-14(월),요거트샐러드,석식
2026-09-14(월),배추김치,석식
2026-09-14(월),청량음료,석식
2026-09-15(화),쌀밥,석식
2026-09-15(화),감자돈육짜글이,석식
2026-09-15(화),쇠고기야채볶음,석식
2026-09-15(화),두부카츠,석식
2026-09-15(화),배추김치,석식
2026-09-16(수),유부장국,석식
2026-09-16(수),떡볶이,석식
2026-09-16(수),미니돈가스,석식
2026-09-16(수),오꼬노미김밥,석식
2026-09-16(수),자두에이드,석식
2026-09-16(수),단무지,석식
2026-09-16(수),배추김치,석식
2026-09-17(목),쌀밥,석식
2026-09-17(목),무청시래기국,석식
2026-09-17(목),회오리핫도그,석식
2026-09-17(목),닭고기고추장조림,석식
2026-09-17(목),양파간장절임,석식
2026-09-17(목),배추김치,석식
2026-09-18(금),쌀밥,석식
2026-09-18(금),버섯된장찌개,석식
2026-09-18(금),대패삼겹살&소시지구이,석식
2026-09-18(금),상추겉절이,석식
2026-09-18(금),배추김치,석식
2026-09-18(금),우유,석식
2026-09-19(토),소불고기잡채덮밥,석식
2026-09-19(토),들깨미역국,석식
2026-09-19(토),닭꼬치,석식
2026-09-19(토),감자고추장조림,석식
2026-09-19(토),레몬에이드,석식
2026-09-19(토),배추김치,석식
2026-09-20(일),차슈덮밥,석식
2026-09-20(일),미소된장국,석식
2026-09-20(일),빨간꼬지어묵,석식
2026-09-20(일),락교&산고추절임,석식
2026-09-20(일),딸기청,석식
2026-09-20(일),배추김치,석식
2026-09-20(일),우유,석식
2026-09-21(월),쌀밥,석식
2026-09-21(월),닭곰탕,석식
2026-09-21(월),돈육김치볶음,석식
2026-09-21(월),두부양념장,석식
2026-09-21(월),깍두기,석식
2026-09-22(화),쌀밥,석식
2026-09-22(화),쇠고기미역국,석식
2026-09-22(화),낙지볶음&소면,석식
2026-09-22(화),콘치즈계란찜,석식
2026-09-22(화),마시는발효유,석식
2026-09-22(화),배추김치,석식
2026-09-23(수),쌀밥,석식
2026-09-23(수),부대찌개,석식
2026-09-23(수),안동찜닭,석식
2026-09-23(수),조미김,석식
2026-09-23(수),가공우유,석식
2026-09-23(수),배추김치,석식
2026-09-24(목),쌀밥,석식
2026-07-31(금),뼈없는감자탕,석식
2026-07-31(금),메추리알장조림,석식
2026-07-31(금),무말랭이무침,석식
2026-07-31(금),배추김치,석식
2026-07-31(금),아이스크림 콘,석식
2026-09-01(화),쌀밥,석식
2026-09-01(화),쇠고기미역국,석식
2026-09-01(화),주꾸미돈육볶음,석식
2026-09-01(화),계란찜,석식
2026-09-01(화),쌈무,석식
2026-09-01(화),매실에이드,석식
2026-09-01(화),배추김치,석식
2026-09-02(수),중화비빔밥,석식
2026-09-02(수),팽이버섯국,석식
2026-09-02(수),야채튀김,석식
2026-09-02(수),매운락교무침,석식
2026-09-02(수),배추김치,석식
2026-09-02(수),청량음료,석식
2026-09-03(목),쌀밥,석식
2026-09-03(목),순두부찌개,석식
2026-09-03(목),새송이떡갈비구이,석식
2026-09-03(목),콩나물게맛살냉채,석식
2026-09-03(목),배추김치,석식
2026-09-03(목),상온주스,석식
2026-09-04(금),쌀밥,석식
2026-09-04(금),사골곰탕,석식
2026-09-04(금),고기만두찜,석식
2026-09-04(금),부추겉절이,석식
2026-09-04(금),배추김치,석식
2026-09-04(금),아이스크림 콘,석식
2026-09-05(토),쌀밥,석식
2026-09-05(토),스팸짜글이,석식
2026-09-05(토),쇠고기숙주볶음,석식
2026-09-05(토),감자채전,석식
2026-09-05(토),배추김치,석식
2026-09-05(토),젤리류,석식
2026-09-06(일),큐브스테이크덮밥,석식
2026-09-06(일),유부장국,석식
2026-09-06(일),할라피뇨피클,석식
2026-09-06(일),타코샐러드,석식
2026-09-06(일),사과에이드,석식
2026-09-06(일),배추김치,석식
2026-09-07(월),김치볶음밥,석식
2026-09-07(월),우동국물,석식
2026-09-07(월),멘츠카츠,석식
2026-09-07(월),허니버터콘립,석식
2026-09-07(월),궁채장아찌,석식
2026-09-07(월),배추김치,석식
2026-09-08(화),돈부리덮밥,석식
2026-09-08(화),미소된장국,석식
2026-09-08(화),타코야끼,석식
2026-09-08(화),단무지무침,석식
2026-09-08(화),배추김치,석식
2026-09-08(화),아이스크림 팩형,석식
2026-09-09(수),쌀밥,석식
2026-09-09(수),쇠고기고추장불고기,석식
2026-09-09(수),계란장조림,석식
2026-09-09(수),배추김치,석식
2026-09-10(목),쌀밥,석식
2026-09-10(목),한우소머리국밥,석식
2026-09-10(목),해물파전,석식
2026-09-10(목),무말랭이무침,석식
2026-09-10(목),배추김치,석식
2026-09-10(목),청량음료,석식
2026-09-11(금),쌀밥,석식
2026-09-11(금),두부된장찌개,석식
2026-09-11(금),제육볶음,석식
2026-09-11(금),양배추쌈,석식
2026-09-11(금),배추김치,석식
2026-09-11(금),아이스크림,석식
2026-07-18(토),갈비만두찜,석식
2026-07-18(토),배추김치,석식
2026-07-19(일),쌀밥,석식
2026-07-19(일),부산식돼지국밥,석식
2026-07-19(일),오징어김치전,석식
2026-07-19(일),명이나물절임,석식
2026-07-19(일),배추김치,석식
2026-07-19(일),젤리류,석식
2026-07-20(월),쌀밥,석식
2026-07-20(월),미소된장국,석식
2026-07-20(월),쇠고기야채볶음,석식
2026-07-20(월),타코야끼,석식
2026-07-20(월),배추김치,석식
2026-07-21(화),쌀밥,석식
2026-07-21(화),닭고기육개장,석식
2026-07-21(화),갈치순살튀김,석식
2026-07-21(화),두부조림,석식
2026-07-21(화),배추김치,석식
2026-07-22(수),참치마요덮밥,석식
2026-07-22(수),감자돈육짜글이,석식
2026-07-22(수),야채고기말이,석식
2026-07-22(수),단무지무침,석식
2026-07-22(수),배추김치,석식
2026-07-23(목),쌀밥,석식
2026-07-23(목),두부된장찌개,석식
2026-07-23(목),야채튀김,석식
2026-07-23(목),닭고기고추장조림,석식
2026-07-23(목),배추김치,석식
2026-07-23(목),복숭아,석식
2026-07-24(금),쌀밥,석식
2026-07-24(금),맑은콩나물국,석식
2026-07-24(금),제육볶음,석식
2026-07-24(금),양배추쌈,석식
2026-07-24(금),궁채장아찌,석식
2026-07-24(금),배추김치,석식
2026-07-24(금),망고바,석식
2026-07-25(토),쌀밥,석식
2026-07-25(토),부대찌개,석식
2026-07-25(토),쇠고기불고기,석식
2026-07-25(토),콘치즈계란찜,석식
2026-07-25(토),배추김치,석식
2026-07-26(일),풀드포크덮밥,석식
2026-07-26(일),우동국물,석식
2026-07-26(일),마늘쫑장아찌무침,석식
2026-07-26(일),매실에이드,석식
2026-07-26(일),어묵바,석식
2026-07-26(일),배추김치,석식
2026-07-27(월),쌀밥,석식
2026-07-27(월),스팸짜글이,석식
2026-07-27(월),새우볼튀김,석식
2026-07-27(월),단호박샐러드,석식
2026-07-27(월),연유아이스베리,석식
2026-07-27(월),배추김치,석식
2026-07-28(화),쌀밥,석식
2026-07-28(화),쇠고기애호박찌개,석식
2026-07-28(화),대패불고기,석식
2026-07-28(화),고구마츄러스맛탕,석식
2026-07-28(화),배추김치,석식
2026-07-29(수),쌀밥,석식
2026-07-29(수),순두부국,석식
2026-07-29(수),팝만두강정,석식
2026-07-29(수),안동찜닭,석식
2026-07-29(수),배추김치,석식
2026-07-30(목),카레밥,석식
2026-07-30(목),미소된장국,석식
2026-07-30(목),멘츠카츠,석식
2026-07-30(목),콘샐러드,석식
2026-07-30(목),배추김치,석식
2026-07-31(금),쌀밥,석식
2026-07-06(월),콩나물김치국,석식
2026-07-06(월),제육볶음,석식
2026-07-06(월),고구마맛탕,석식
2026-07-06(월),진미채고추장조림,석식
2026-07-07(화),볼카츠덮밥,석식
2026-07-07(화),우동국물,석식
2026-07-07(화),떡볶이,석식
2026-07-07(화),락교&산고추절임,석식
2026-07-07(화),배추김치,석식
2026-07-08(수),쌀밥,석식
2026-07-08(수),부대찌개,석식
2026-07-08(수),잡채,석식
2026-07-08(수),에그랑땡,석식
2026-07-08(수),배추김치,석식
2026-07-08(수),아이스크림,석식
2026-07-09(목),쌀밥,석식
2026-07-09(목),쇠고기육개장,석식
2026-07-09(목),비엔나소시지떡강정,석식
2026-07-09(목),안동찜닭,석식
2026-07-09(목),배추김치,석식
2026-07-10(금),쌀밥,석식
2026-07-10(금),얼큰콩나물국,석식
2026-07-10(금),오징어볶음,석식
2026-07-10(금),베이컨떡말이,석식
2026-07-10(금),배추김치,석식
2026-07-11(토),쌀밥,석식
2026-07-11(토),파송송계란국,석식
2026-07-11(토),돼지불고기,석식
2026-07-11(토),부추전,석식
2026-07-11(토),배추김치,석식
2026-07-11(토),바나나,석식
2026-07-12(일),돈부리덮밥,석식
2026-07-12(일),유부장국,석식
2026-07-12(일),빨간꼬지어묵,석식
2026-07-12(일),레몬에이드,석식
2026-07-12(일),배추김치,석식
2026-07-13(월),후리가케밥,석식
2026-07-13(월),미소된장국,석식
2026-07-13(월),닭강정,석식
2026-07-13(월),치킨무,석식
2026-07-13(월),황도샐러드,석식
2026-07-13(월),배추김치,석식
2026-07-14(화),쌀밥,석식
2026-07-14(화),감자수제비국,석식
2026-07-14(화),쇠고기야채볶음,석식
2026-07-14(화),마늘쫑장아찌무침,석식
2026-07-14(화),배추김치,석식
2026-07-14(화),아이스크림,석식
2026-07-15(수),에그누들팟타이,석식
2026-07-15(수),블랙타이거새우튀김,석식
2026-07-15(수),샐러리장아찌,석식
2026-07-15(수),유자드레싱샐러드,석식
2026-07-15(수),배추김치,석식
2026-07-16(목),참치야채비빔밥,석식
2026-07-16(목),우동국물,석식
2026-07-16(목),새송이떡갈비구이,석식
2026-07-16(목),계란후라이,석식
2026-07-16(목),배추김치,석식
2026-07-17(금),김가루밥,석식
2026-07-17(금),쇠고기미역국,석식
2026-07-17(금),무뼈닭발,석식
2026-07-17(금),콘치즈계란찜,석식
2026-07-17(금),딸기청,석식
2026-07-17(금),배추김치,석식
2026-07-17(금),우유,석식
2026-07-18(토),쌀밥,석식
2026-07-18(토),쇠고기육개장,석식
2026-07-18(토),오징어볶음,석식
2026-08-25(화),쌀밥,석식
2026-08-25(화),스팸짜글이,석식
2026-08-25(화),청양풍돼지갈비찜,석식
2026-08-25(화),양념깻잎지무침,석식
2026-08-25(화),배추김치,석식
2026-08-25(화),아이스크림 팩형,석식
2026-08-26(수),쌀밥,석식
2026-08-26(수),쇠고기육개장,석식
2026-08-26(수),허니버터연근강정,석식
2026-08-26(수),닭고기고추장조림,석식
2026-08-26(수),배추김치,석식
2026-08-27(목),차슈덮밥,석식
2026-08-27(목),미소된장국,석식
2026-08-27(목),매운락교무침,석식
2026-08-27(목),오꼬노미야끼,석식
2026-08-27(목),배추김치,석식
2026-08-28(금),참치마요덮밥,석식
2026-08-28(금),우동국물,석식
2026-08-28(금),계란볶이,석식
2026-08-28(금),갈떡꼬치,석식
2026-08-28(금),배추김치,석식
2026-08-29(토),쌀밥,석식
2026-08-29(토),강된장찌개,석식
2026-08-29(토),오리고추장주물럭,석식
2026-08-29(토),사각어묵조림,석식
2026-08-29(토),배추김치,석식
2026-08-30(일),중화비빔밥,석식
2026-08-30(일),파송송계란국,석식
2026-08-30(일),야채고기말이,석식
2026-08-30(일),사과에이드,석식
2026-08-30(일),고구마샐러드,석식
2026-08-30(일),배추김치,석식
2026-08-31(월),후리가케밥,석식
2026-08-31(월),우동국물,석식
2026-08-31(월),뿌링클팝콘치킨,석식
2026-08-31(월),치킨무,석식
2026-08-31(월),요거트샐러드,석식
2026-08-31(월),배추김치,석식
2026-07-01(수),쌀밥,석식
2026-07-01(수),돼지고기무찌개,석식
2026-07-01(수),닭순살카레볶음,석식
2026-07-01(수),야채춘권튀김,석식
2026-07-01(수),배추김치,석식
2026-07-02(목),마파두부덮밥,석식
2026-07-02(목),조갯살미역국,석식
2026-07-02(목),고기만두찜,석식
2026-07-02(목),배추김치,석식
2026-07-02(목),아이스샌드,석식
2026-07-03(금),차슈덮밥,석식
2026-07-03(금),미소된장국,석식
2026-07-03(금),알감자버터구이,석식
2026-07-03(금),단무지무침,석식
2026-07-03(금),배추김치,석식
2026-07-04(토),쌀밥,석식
2026-07-04(토),스팸짜글이,석식
2026-07-04(토),쇠고기야채볶음,석식
2026-07-04(토),양파간장절임,석식
2026-07-04(토),매실에이드,석식
2026-07-04(토),배추김치,석식
2026-07-05(일),쌀밥,석식
2026-07-05(일),모듬순대국,석식
2026-07-05(일),애호박전,석식
2026-07-05(일),부추겉절이,석식
2026-07-05(일),자몽허니블랙티,석식
2026-07-05(일),배추김치,석식
2026-07-06(월),쌀밥,석식
2026-08-12(수),배추김치,석식
2026-08-13(목),쌀밥,석식
2026-08-13(목),부대찌개,석식
2026-08-13(목),느타리애호박볶음,석식
2026-08-13(목),갈비만두찜,석식
2026-08-13(목),배추김치,석식
2026-08-14(금),마파두부덮밥,석식
2026-08-14(금),파송송계란국,석식
2026-08-14(금),치즈스테이크볼꽂이,석식
2026-08-14(금),조미김,석식
2026-08-14(금),배추김치,석식
2026-08-14(금),아이스크림 팩형,석식
2026-08-15(토),쌀밥,석식
2026-08-15(토),맑은콩나물국,석식
2026-08-15(토),무뼈닭발,석식
2026-08-15(토),콘치즈계란찜,석식
2026-08-15(토),배추김치,석식
2026-08-16(일),중화비빔밥,석식
2026-08-16(일),물만두국,석식
2026-08-16(일),계란후라이,석식
2026-08-16(일),궁채장아찌,석식
2026-08-16(일),배추김치,석식
2026-08-17(월),쌀밥,석식
2026-08-17(월),모듬순대국,석식
2026-08-17(월),오징어김치전,석식
2026-08-17(월),실곤약야채무침,석식
2026-08-17(월),자두에이드,석식
2026-08-17(월),깍두기,석식
2026-08-18(화),자장밥,석식
2026-08-18(화),짬뽕찌개,석식
2026-08-18(화),군만두,석식
2026-08-18(화),단무지무침,석식
2026-08-18(화),배추김치,석식
2026-08-19(수),돈부리덮밥,석식
2026-08-19(수),팽이버섯국,석식
2026-08-19(수),회오리핫도그,석식
2026-08-19(수),락교&산고추절임,석식
2026-08-19(수),배추김치,석식
2026-08-20(목),참치마요구운주먹밥,석식
2026-08-20(목),우동국물,석식
2026-08-20(목),떡볶이,석식
2026-08-20(목),오징어튀김,석식
2026-08-20(목),배추김치,석식
2026-08-20(목),단무지,석식
2026-08-21(금),쌀밥,석식
2026-08-21(금),햄치즈순두부찌개,석식
2026-08-21(금),쇠고기불고기,석식
2026-08-21(금),고구마맛탕,석식
2026-08-21(금),배추김치,석식
2026-08-22(토),지코바치킨덮밥,석식
2026-08-22(토),맑은쇠고기무국,석식
2026-08-22(토),베이컨야채볶음,석식
2026-08-22(토),배추김치,석식
2026-08-23(일),삼색소보루밥,석식
2026-08-23(일),사골우거지국,석식
2026-08-23(일),짬뽕만두찜,석식
2026-08-23(일),양파간장절임,석식
2026-08-23(일),매실에이드,석식
2026-08-23(일),배추김치,석식
2026-08-24(월),고추장버터비빔밥,석식
2026-08-24(월),유부장국,석식
2026-08-24(월),멘츠카츠,석식
2026-08-24(월),계란후라이,석식
2026-08-24(월),배추김치,석식
2026-06-30(화),집게맛살튀김,석식
2026-06-30(화),단무지,석식
2026-08-01(토),쌀밥,석식
2026-08-01(토),맑은콩나물국,석식
2026-08-01(토),감자채볶음,석식
2026-08-01(토),닭순살묵은지찜,석식
2026-08-01(토),검은콩조림,석식
2026-08-02(일),유부비빔밥,석식
2026-08-02(일),감자양파찌개,석식
2026-08-02(일),허브치킨플레로티,석식
2026-08-02(일),무쌈샐러드,석식
2026-08-02(일),연유아이스베리,석식
2026-08-02(일),배추김치,석식
2026-08-03(월),쌀밥,석식
2026-08-03(월),닭고기육개장,석식
2026-08-03(월),쇠고기불고기,석식
2026-08-03(월),야채고로케,석식
2026-08-03(월),배추김치,석식
2026-08-04(화),쌀밥,석식
2026-08-04(화),맑은쇠고기무국,석식
2026-08-04(화),닭고기고추장조림,석식
2026-08-04(화),깻잎전,석식
2026-08-04(화),배추김치,석식
2026-08-05(수),미소된장국,석식
2026-08-05(수),분모자떡볶이,석식
2026-08-05(수),무말랭이무침,석식
2026-08-05(수),치킨마요덮밥,석식
2026-08-05(수),배추김치,석식
2026-08-06(목),쌀밥,석식
2026-08-06(목),맑은콩나물국,석식
2026-08-06(목),소떡소떡,석식
2026-08-06(목),족발,석식
2026-08-06(목),로메인상추&쌈장,석식
2026-08-06(목),배추김치,석식
2026-08-07(금),소불고기잡채덮밥,석식
2026-08-07(금),들깨미역국,석식
2026-08-07(금),감자고추장조림,석식
2026-08-07(금),배추김치,석식
2026-08-07(금),복숭아,석식
2026-08-08(토),쌀밥,석식
2026-08-08(토),부산식돼지국밥,석식
2026-08-08(토),오징어김치전,석식
2026-08-08(토),부추겉절이,석식
2026-08-08(토),배추김치,석식
2026-08-09(일),쌀밥,석식
2026-08-09(일),유부주머니어묵탕,석식
2026-08-09(일),쇠고기고추장불고기,석식
2026-08-09(일),감자채전,석식
2026-08-09(일),딸기청,석식
2026-08-09(일),배추김치,석식
2026-08-09(일),우유,석식
2026-08-10(월),볼카츠덮밥,석식
2026-08-10(월),오징어국,석식
2026-08-10(월),베이컨야채볶음,석식
2026-08-10(월),단무지무침,석식
2026-08-10(월),배추김치,석식
2026-08-11(화),쌀밥,석식
2026-08-11(화),삼색수제비국,석식
2026-08-11(화),돼지불고기,석식
2026-08-11(화),양배추쌈,석식
2026-08-11(화),배추김치,석식
2026-08-11(화),아이스샌드,석식
2026-08-12(수),치즈김치주먹밥,석식
2026-08-12(수),미소된장국,석식
2026-08-12(수),바질크림떡볶이,석식
2026-08-12(수),버터플라이새우튀김,석식
2026-08-12(수),단무지,석식
2026-06-18(목),야채고로케,석식
2026-06-18(목),계란후라이,석식
2026-06-18(목),단무지무침,석식
2026-06-19(금),쌀밥,석식
2026-06-19(금),감자돈육짜글이,석식
2026-06-19(금),백순대볶음,석식
2026-06-19(금),빨간꼬지어묵,석식
2026-06-19(금),배추김치,석식
2026-06-19(금),참외,석식
2026-06-20(토),쌀밥,석식
2026-06-20(토),맑은콩나물국,석식
2026-06-20(토),매운돼지갈비찜,석식
2026-06-20(토),에그랑땡,석식
2026-06-20(토),배추김치,석식
2026-06-21(일),쌀밥,석식
2026-06-21(일),닭곰탕,석식
2026-06-21(일),오징어김치전,석식
2026-06-21(일),골뱅이야채무침,석식
2026-06-21(일),자몽허니블랙티,석식
2026-06-21(일),배추김치,석식
2026-06-22(월),후리가케밥,석식
2026-06-22(월),우동국물,석식
2026-06-22(월),콘소메치킨,석식
2026-06-22(월),치킨무,석식
2026-06-22(월),매실에이드,석식
2026-06-22(월),딸기드레싱샐러드,석식
2026-06-22(월),배추김치,석식
2026-06-23(화),쌀밥,석식
2026-06-23(화),스팸짜글이,석식
2026-06-23(화),소불고기당면볶음,석식
2026-06-23(화),감자고추장조림,석식
2026-06-23(화),배추김치,석식
2026-06-24(수),자장밥,석식
2026-06-24(수),파송송계란국,석식
2026-06-24(수),군만두,석식
2026-06-24(수),간장무채장아찌무침,석식
2026-06-24(수),배추김치,석식
2026-06-25(목),돈부리덮밥,석식
2026-06-25(목),참치김치찌개,석식
2026-06-25(목),고구마츄러스맛탕,석식
2026-06-25(목),마늘쫑장아찌무침,석식
2026-06-25(목),참외,석식
2026-06-26(금),쌀밥,석식
2026-06-26(금),들깨무채국,석식
2026-06-26(금),분홍소세지전,석식
2026-06-26(금),닭고기고추장조림,석식
2026-06-26(금),배추김치,석식
2026-06-27(토),쌀밥,석식
2026-06-27(토),순두부찌개,석식
2026-06-27(토),돼지고기부추볶음,석식
2026-06-27(토),사각어묵조림,석식
2026-06-27(토),배추김치,석식
2026-06-27(토),바나나,석식
2026-06-28(일),쌀밥,석식
2026-06-28(일),쇠고기육개장,석식
2026-06-28(일),안동찜닭,석식
2026-06-28(일),에그랑땡,석식
2026-06-28(일),배추김치,석식
2026-06-29(월),중화비빔밥,석식
2026-06-29(월),물만두국,석식
2026-06-29(월),통새우짜조롤,석식
2026-06-29(월),배추김치,석식
2026-06-30(화),치즈김치주먹밥,석식
2026-06-30(화),우동국물,석식
2026-06-30(화),분모자떡볶이,석식
2026-06-06(토),우동국물,석식
2026-06-06(토),소떡소떡,석식
2026-06-06(토),알감자버터구이,석식
2026-06-06(토),배추김치,석식
2026-06-06(토),대추방울토마토,석식
2026-06-07(일),쌀밥,석식
2026-06-07(일),파송송계란국,석식
2026-06-07(일),볼어묵꽈리고추볶음,석식
2026-06-07(일),목살버섯두루치기,석식
2026-06-07(일),연유아이스베리,석식
2026-06-07(일),배추김치,석식
2026-06-08(월),후리가케밥,석식
2026-06-08(월),미소된장국,석식
2026-06-08(월),허니간장누룽지치킨,석식
2026-06-08(월),치킨무,석식
2026-06-08(월),파인애플샐러드,석식
2026-06-08(월),사과에이드,석식
2026-06-08(월),배추김치,석식
2026-06-09(화),쌀밥,석식
2026-06-09(화),돼지고기김치찌개,석식
2026-06-09(화),오징어치즈떡볶음,석식
2026-06-09(화),계란찜,석식
2026-06-09(화),시금치고추장무침,석식
2026-06-10(수),셀프주먹밥,석식
2026-06-10(수),얼큰어묵국,석식
2026-06-10(수),바질크림떡볶이,석식
2026-06-10(수),회오리핫도그,석식
2026-06-10(수),배추김치,석식
2026-06-10(수),단무지,석식
2026-06-10(수),아이스크림,석식
2026-06-11(목),마제소바덮밥,석식
2026-06-11(목),짬뽕찌개,석식
2026-06-11(목),유린기,석식
2026-06-11(목),간장무채장아찌무침,석식
2026-06-11(목),배추김치,석식
2026-06-12(금),쌀밥,석식
2026-06-12(금),스팸짜글이,석식
2026-06-12(금),안동찜닭,석식
2026-06-12(금),부추전,석식
2026-06-12(금),배추김치,석식
2026-06-13(토),쌀밥,석식
2026-06-13(토),조갯살미역국,석식
2026-06-13(토),감자채볶음,석식
2026-06-13(토),등갈비김치찜,석식
2026-06-13(토),검은콩조림,석식
2026-06-14(일),쌀밥,석식
2026-06-14(일),두부된장찌개,석식
2026-06-14(일),쇠고기불고기,석식
2026-06-14(일),실곤약야채무침,석식
2026-06-14(일),배추김치,석식
2026-06-14(일),젤리류,석식
2026-06-15(월),차슈덮밥,석식
2026-06-15(월),유부장국,석식
2026-06-15(월),타코야끼,석식
2026-06-15(월),매운락교무침,석식
2026-06-15(월),참깨드레싱샐러드,석식
2026-06-16(화),카레밥,석식
2026-06-16(화),돼지고기김치찌개,석식
2026-06-16(화),참치야채볶음,석식
2026-06-16(화),햄에그카츠,석식
2026-06-16(화),마늘쫑장아찌무침,석식
2026-06-16(화),망고바,석식
2026-06-17(수),지코바치킨덮밥,석식
2026-06-17(수),우동국물,석식
2026-06-17(수),단호박튀김,석식
2026-06-17(수),레몬에이드,석식
2026-06-17(수),후르츠칵테일,석식
2026-06-17(수),배추김치,석식
2026-06-18(목),고추참치덮밥,석식
2026-06-18(목),미소된장국,석식
2026-05-25(월),배추김치,석식
2026-05-25(월),단무지,석식
2026-05-26(화),후리가케밥,석식
2026-05-26(화),두부고추장찌개,석식
2026-05-26(화),블랙치킨,석식
2026-05-26(화),치킨무,석식
2026-05-26(화),황도샐러드,석식
2026-05-26(화),배추김치,석식
2026-05-26(화),청량음료,석식
2026-05-27(수),마제소바덮밥,석식
2026-05-27(수),우동국물,석식
2026-05-27(수),멘츠카츠,석식
2026-05-27(수),락교&산고추절임,석식
2026-05-27(수),매실에이드,석식
2026-05-27(수),배추김치,석식
2026-05-28(목),쌀밥,석식
2026-05-28(목),참치김치찌개,석식
2026-05-28(목),새우볼치킨강정,석식
2026-05-28(목),계란말이,석식
2026-05-28(목),후르츠칵테일,석식
2026-05-28(목),깍두기,석식
2026-05-29(금),쌀밥,석식
2026-05-29(금),스팸짜글이,석식
2026-05-29(금),안동찜닭,석식
2026-05-29(금),사각어묵조림,석식
2026-05-29(금),배추김치,석식
2026-05-30(토),쌀밥,석식
2026-05-30(토),물만두국,석식
2026-05-30(토),목살버섯두루치기,석식
2026-05-30(토),숙주나물무침,석식
2026-05-30(토),배추김치,석식
2026-05-30(토),두유음료,석식
2026-05-31(일),떡갈비마요덮밥,석식
2026-05-31(일),유부장국,석식
2026-05-31(일),소떡소떡,석식
2026-05-31(일),쫄면야채무침,석식
2026-05-31(일),배추김치,석식
2026-06-01(월),쌀밥,석식
2026-06-01(월),들깨무채국,석식
2026-06-01(월),오리고추장주물럭,석식
2026-06-01(월),초당옥수수전,석식
2026-06-01(월),망고큐브젤리,석식
2026-06-01(월),배추김치,석식
2026-06-02(화),쌀밥,석식
2026-06-02(화),쇠고기미역국,석식
2026-06-02(화),오징어볶음&소면,석식
2026-06-02(화),산적구이,석식
2026-06-02(화),배추김치,석식
2026-06-03(수),쌀밥,석식
2026-06-03(수),얼큰수제비국,석식
2026-06-03(수),안동찜닭,석식
2026-06-03(수),계란찜,석식
2026-06-03(수),자두에이드,석식
2026-06-03(수),배추김치,석식
2026-06-04(목),볼카츠덮밥,석식
2026-06-04(목),돼지고기무찌개,석식
2026-06-04(목),허니버터콘립,석식
2026-06-04(목),단무지무침,석식
2026-06-04(목),배추김치,석식
2026-06-05(금),쌀밥,석식
2026-06-05(금),유부장국,석식
2026-06-05(금),계란볶이,석식
2026-06-05(금),팽이버섯소불고기,석식
2026-06-05(금),배추김치,석식
2026-06-05(금),아이스샌드,석식
2026-06-06(토),참치마요덮밥,석식
2026-05-13(수),쌀밥,석식
2026-05-13(수),맑은쇠고기무국,석식
2026-05-13(수),깻잎튀김,석식
2026-05-13(수),오징어야채무침,석식
2026-05-13(수),배추김치,석식
2026-05-14(목),고추참치덮밥,석식
2026-05-14(목),유부장국,석식
2026-05-14(목),고기만두찜,석식
2026-05-14(목),후르츠칵테일,석식
2026-05-14(목),깍두기,석식
2026-05-14(목),수박,석식
2026-05-15(금),쌀밥,석식
2026-05-15(금),닭곰탕,석식
2026-05-15(금),돼지불고기,석식
2026-05-15(금),치커리사과무침,석식
2026-05-15(금),배추김치,석식
2026-05-15(금),참외,석식
2026-05-16(토),쌀밥,석식
2026-05-16(토),부산식돼지국밥,석식
2026-05-16(토),오징어김치전,석식
2026-05-16(토),실곤약야채무침,석식
2026-05-16(토),배추김치,석식
2026-05-17(일),쌀밥,석식
2026-05-17(일),조갯살미역국,석식
2026-05-17(일),소불고기당면볶음,석식
2026-05-17(일),짬뽕만두찜,석식
2026-05-17(일),배추김치,석식
2026-05-18(월),돈부리덮밥,석식
2026-05-18(월),팽이버섯국,석식
2026-05-18(월),계란볶이,석식
2026-05-18(월),회오리감자,석식
2026-05-18(월),무말랭이무침,석식
2026-05-18(월),깍두기,석식
2026-05-19(화),쌀밥,석식
2026-05-19(화),쇠고기곰탕,석식
2026-05-19(화),주꾸미돈육볶음,석식
2026-05-19(화),두부조림,석식
2026-05-19(화),깻잎무쌈,석식
2026-05-19(화),짜먹는발효유,석식
2026-05-19(화),배추김치,석식
2026-05-20(수),족발덮밥,석식
2026-05-20(수),유부장국,석식
2026-05-20(수),쫄면야채무침,석식
2026-05-20(수),배추김치,석식
2026-05-20(수),동아오츠카 나랑드사이다 180ml 캔,석식
2026-05-21(목),쌀밥,석식
2026-05-21(목),부대찌개,석식
2026-05-21(목),김말이튀김,석식
2026-05-21(목),가쓰오계란말이,석식
2026-05-21(목),연유아이스베리,석식
2026-05-21(목),깍두기,석식
2026-05-22(금),지코바치킨덮밥,석식
2026-05-22(금),우동국물,석식
2026-05-22(금),베이컨떡말이,석식
2026-05-22(금),마카로니샐러드,석식
2026-05-22(금),배추김치,석식
2026-05-23(토),쌀밥,석식
2026-05-23(토),쇠고기육개장,석식
2026-05-23(토),흑마늘돈육야채볶음,석식
2026-05-23(토),치즈말이어묵조림,석식
2026-05-23(토),배추김치,석식
2026-05-24(일),쌀밥,석식
2026-05-24(일),쇠고기미역국,석식
2026-05-24(일),닭순살묵은지찜,석식
2026-05-24(일),오미산적,석식
2026-05-24(일),궁채장아찌,석식
2026-05-24(일),젤리류,석식
2026-05-25(월),자장밥,석식
2026-05-25(월),파송송계란국,석식
2026-05-25(월),김치만두찜,석식
2026-05-05(화),쌀밥,석식
2026-05-05(화),모듬어묵탕,석식
2026-05-05(화),쇠고기불고기,석식
2026-05-05(화),닭가슴살두부전,석식
2026-05-05(화),배추김치,석식
2026-05-06(수),차슈덮밥,석식
2026-05-06(수),미소된장국,석식
2026-05-06(수),오꼬노미야끼,석식
2026-05-06(수),락교&산고추절임,석식
2026-05-06(수),레몬에이드,석식
2026-05-06(수),배추김치,석식
2026-05-07(목),참치마요덮밥,석식
2026-05-07(목),감자양파찌개,석식
2026-05-07(목),후라이드닭꼬치,석식
2026-05-07(목),딸기드레싱샐러드,석식
2026-05-07(목),배추김치,석식
2026-05-08(금),쌀밥,석식
2026-05-08(금),쇠고기미역국,석식
2026-05-08(금),춘천닭갈비,석식
2026-05-08(금),콘치즈오븐구이,석식
2026-05-08(금),배추김치,석식
2026-05-08(금),참외,석식
2026-05-09(토),쌀밥,석식
2026-05-09(토),돼지찌개,석식
2026-05-09(토),쇠고기숙주볶음,석식
2026-05-09(토),에그랑땡,석식
2026-05-09(토),배추김치,석식
2026-05-09(토),바나나,석식
2026-05-10(일),쌀밥,석식
2026-05-10(일),참치김치찌개,석식
2026-05-10(일),고기말이폭찹,석식
2026-05-10(일),불고기오믈렛,석식
2026-05-10(일),무말랭이무침,석식
2026-05-01(금),부대찌개,석식
2026-05-01(금),검은콩조림,석식
2026-05-01(금),에그랑땡,석식
2026-05-01(금),짜먹는발효유,석식
2026-05-01(금),배추김치,석식
2026-05-02(토),쌀밥,석식
2026-05-02(토),파송송계란국,석식
2026-05-02(토),쇠고기고추장불고기,석식
2026-05-02(토),소떡소떡,석식
2026-05-02(토),배추김치,석식
2026-05-03(일),쌀밥,석식
2026-05-03(일),순대국,석식
2026-05-03(일),진미채고추장조림,석식
2026-05-03(일),해물파전,석식
2026-05-03(일),망고큐브젤리,석식
2026-05-03(일),배추김치,석식
2026-05-04(월),쌀밥,석식
2026-05-04(월),스팸짜글이,석식
2026-05-04(월),야채춘권튀김,석식
2026-05-04(월),안동찜닭,석식
2026-05-04(월),깍두기,석식
2026-05-01(금),쌀밥,석식
2026-05-11(월),불고기주먹밥,석식
2026-05-11(월),국물떡볶이,석식
2026-05-11(월),닭똥집튀김,석식
2026-05-11(월),감자크래커범벅,석식
2026-05-11(월),배추김치,석식
2026-05-11(월),단무지,석식
2026-05-11(월),청량음료,석식
2026-05-12(화),카레밥,석식
2026-05-12(화),우동국물,석식
2026-05-12(화),햄에그카츠,석식
2026-05-12(화),만다린샐러드,석식
2026-05-12(화),배추김치,석식
